operator_id,is_missed_call,calls_count,call_duration,total_call_duration,missed_call_rate,waiting_time,cluster,efficiency_label
879896,50,1131,650.4765625,761.1484375,0.04420866489832007,110.671875,5,Altamente Ineficaz
879898,94,6745,1016.4279661016949,1415.2161016949153,0.013936249073387695,398.78813559322043,2,Promedio
880020,7,54,104.0909090909091,119.27272727272727,0.12962962962962962,15.181818181818173,0,Eficaz
880022,33,219,240.8421052631579,298.4078947368421,0.1506849315068493,57.56578947368419,0,Eficaz
880026,94,2439,856.939393939394,978.1111111111111,0.03854038540385404,121.17171717171709,5,Altamente Ineficaz
880028,90,2877,749.5822222222222,955.1333333333333,0.03128258602711158,205.55111111111114,2,Promedio
880240,8,49,275.92857142857144,316.85714285714283,0.16326530612244897,40.92857142857139,0,Eficaz
881278,7,20,58.125,67.875,0.35,9.75,3,Moderadamente Ineficaz
882476,0,3,64.0,95.66666666666667,0.0,31.66666666666667,5,Altamente Ineficaz
882478,1,4,22.666666666666668,50.333333333333336,0.25,27.666666666666668,0,Eficaz
882680,3,109,136.91304347826087,174.02173913043478,0.027522935779816515,37.10869565217391,5,Altamente Ineficaz
882684,55,1364,1422.1757575757576,1550.1939393939394,0.04032258064516129,128.0181818181818,2,Promedio
882686,86,3332,1537.5589519650655,1786.004366812227,0.02581032412965186,248.4454148471616,2,Promedio
882688,3,82,874.8181818181819,1047.909090909091,0.036585365853658534,173.09090909090912,2,Promedio
882690,25,1395,1579.8412698412699,2093.714285714286,0.017921146953405017,513.8730158730159,2,Promedio
883018,1,2,0.0,15.0,0.5,15.0,3,Moderadamente Ineficaz
883898,0,1,70.0,80.0,0.0,10.0,5,Altamente Ineficaz
883940,20,694,510.13953488372096,805.5116279069767,0.02881844380403458,295.3720930232558,2,Promedio
883942,67,2327,914.9941176470588,1098.929411764706,0.028792436613665665,183.93529411764712,2,Promedio
884294,0,1,5.0,11.0,0.0,6.0,5,Altamente Ineficaz
884402,1,4,71.33333333333333,95.66666666666667,0.25,24.333333333333343,0,Eficaz
884406,2,6,4.0,39.5,0.3333333333333333,35.5,3,Moderadamente Ineficaz
884408,10,66,94.37037037037037,156.8148148148148,0.15151515151515152,62.44444444444444,0,Eficaz
884412,50,818,412.34645669291336,539.4488188976378,0.061124694376528114,127.10236220472444,5,Altamente Ineficaz
884478,39,1976,580.2954545454545,915.2613636363636,0.019736842105263157,334.9659090909091,2,Promedio
884524,0,3,26.0,36.333333333333336,0.0,10.333333333333336,5,Altamente Ineficaz
884946,37,1450,374.3452380952381,728.1666666666666,0.025517241379310347,353.82142857142856,2,Promedio
885682,3,3,0.0,17.0,1.0,17.0,4,Ineficaz
885876,54,2123,1037.7151515151515,1233.7939393939394,0.025435704192180875,196.0787878787878,2,Promedio
885890,24,1388,846.8584905660377,969.4528301886793,0.01729106628242075,122.59433962264154,5,Altamente Ineficaz
886146,10,52,311.36842105263156,372.10526315789474,0.19230769230769232,60.73684210526318,0,Eficaz
886674,0,14,16.818181818181817,34.36363636363637,0.0,17.54545454545455,5,Altamente Ineficaz
886892,0,2,72.0,130.0,0.0,58.0,5,Altamente Ineficaz
887276,101,1421,442.7439446366782,536.7889273356401,0.07107670654468684,94.04498269896192,5,Altamente Ineficaz
887278,25,328,284.9259259259259,319.25925925925924,0.07621951219512195,34.333333333333314,5,Altamente Ineficaz
887280,4,8,5.166666666666667,8.5,0.5,3.333333333333333,3,Moderadamente Ineficaz
887282,50,2384,1469.1709401709402,1751.5641025641025,0.02097315436241611,282.39316239316236,2,Promedio
887416,0,22,163.57142857142858,189.92857142857142,0.0,26.357142857142833,5,Altamente Ineficaz
887802,22,145,162.20634920634922,191.06349206349208,0.15172413793103448,28.85714285714286,0,Eficaz
887992,3,47,161.83333333333334,275.1666666666667,0.06382978723404255,113.33333333333334,5,Altamente Ineficaz
888406,6,15,56.92307692307692,82.15384615384616,0.4,25.23076923076924,3,Moderadamente Ineficaz
888520,0,6,231.6,250.4,0.0,18.80000000000001,5,Altamente Ineficaz
888532,29,218,116.58695652173913,140.93478260869566,0.13302752293577982,24.34782608695653,0,Eficaz
888534,31,398,159.70422535211267,196.1056338028169,0.07788944723618091,36.401408450704224,5,Altamente Ineficaz
888536,8,60,39.54545454545455,60.39393939393939,0.13333333333333333,20.848484848484844,0,Eficaz
888538,2,7,131.0,147.71428571428572,0.2857142857142857,16.714285714285722,0,Eficaz
888540,5,20,145.16666666666666,160.38888888888889,0.25,15.222222222222229,0,Eficaz
888868,9,77,187.14705882352942,233.6764705882353,0.11688311688311688,46.529411764705884,0,Eficaz
889410,83,1568,306.706106870229,392.0610687022901,0.05293367346938776,85.35496183206106,5,Altamente Ineficaz
889638,0,4,14.666666666666666,34.0,0.0,19.333333333333336,5,Altamente Ineficaz
889640,0,2,25.0,38.5,0.0,13.5,5,Altamente Ineficaz
889754,72,1853,548.8465116279069,677.7953488372093,0.038855909336211546,128.94883720930238,5,Altamente Ineficaz
890226,2,7,13.5,35.5,0.2857142857142857,22.0,0,Eficaz
890228,15,109,134.89795918367346,174.24489795918367,0.13761467889908258,39.34693877551021,0,Eficaz
890232,0,39,986.3529411764706,1017.4705882352941,0.0,31.117647058823536,5,Altamente Ineficaz
890234,0,1,85.0,97.0,0.0,12.0,5,Altamente Ineficaz
890402,82,1928,1508.9831932773109,1630.6134453781513,0.04253112033195021,121.63025210084038,2,Promedio
890404,90,2064,1530.1062992125985,1658.1259842519685,0.0436046511627907,128.01968503936996,2,Promedio
890406,83,1821,1657.4609053497943,1766.530864197531,0.04557935200439319,109.06995884773664,2,Promedio
890410,84,1369,1308.0182926829268,1457.0975609756097,0.061358655953250546,149.07926829268285,2,Promedio
890412,72,1373,1506.7142857142858,1642.4583333333333,0.05243991260014567,135.74404761904748,2,Promedio
890416,72,1380,1434.4805194805194,1598.6493506493507,0.05217391304347826,164.16883116883128,2,Promedio
890420,47,746,1394.2921348314608,1549.2134831460673,0.06300268096514745,154.92134831460658,2,Promedio
890422,33,487,864.7121212121212,999.5454545454545,0.06776180698151951,134.83333333333326,5,Altamente Ineficaz
890582,18,181,84.53424657534246,115.24657534246575,0.09944751381215469,30.71232876712328,0,Eficaz
890618,24,357,325.9166666666667,397.3690476190476,0.06722689075630252,71.4523809523809,5,Altamente Ineficaz
891152,37,286,759.2826086956521,818.3369565217391,0.12937062937062938,59.054347826086996,5,Altamente Ineficaz
891154,57,603,1988.9172932330828,2070.3834586466164,0.0945273631840796,81.46616541353364,2,Promedio
891156,7,24,419.1333333333333,444.8,0.2916666666666667,25.666666666666686,0,Eficaz
891158,40,305,1022.1651376146789,1064.4311926605506,0.13114754098360656,42.26605504587167,5,Altamente Ineficaz
891160,33,426,526.7738095238095,621.7857142857143,0.07746478873239436,95.01190476190482,5,Altamente Ineficaz
891162,19,114,364.7692307692308,411.5128205128205,0.16666666666666666,46.74358974358972,0,Eficaz
891166,38,275,748.7128712871287,792.7029702970297,0.13818181818181818,43.99009900990097,0,Eficaz
891170,22,219,607.25,699.3636363636364,0.1004566210045662,92.11363636363637,5,Altamente Ineficaz
891192,0,1,1306.0,1338.0,0.0,32.0,5,Altamente Ineficaz
891250,0,2,110.0,128.0,0.0,18.0,5,Altamente Ineficaz
891252,8,98,279.2,343.2,0.08163265306122448,64.0,5,Altamente Ineficaz
891254,0,2,79.0,105.0,0.0,26.0,5,Altamente Ineficaz
891410,131,3773,1274.5655172413792,1403.6689655172413,0.03472038165915717,129.1034482758621,2,Promedio
891414,126,3374,1097.6028880866427,1190.4151624548736,0.03734439834024896,92.81227436823087,5,Altamente Ineficaz
891416,94,966,399.42857142857144,443.8666666666667,0.09730848861283643,44.43809523809523,5,Altamente Ineficaz
891646,0,8,29.857142857142858,53.285714285714285,0.0,23.428571428571427,5,Altamente Ineficaz
891744,2,14,20.0,41.333333333333336,0.14285714285714285,21.333333333333336,0,Eficaz
891746,2,37,170.66666666666666,324.6666666666667,0.05405405405405406,154.00000000000003,5,Altamente Ineficaz
891824,6,46,145.1,169.1,0.13043478260869565,24.0,0,Eficaz
891900,0,36,232.3684210526316,302.7894736842105,0.0,70.42105263157893,5,Altamente Ineficaz
891906,0,77,453.24242424242425,515.1515151515151,0.0,61.90909090909088,5,Altamente Ineficaz
891908,3,51,278.9117647058824,292.3529411764706,0.058823529411764705,13.441176470588232,5,Altamente Ineficaz
891918,1,8,62.0,91.75,0.125,29.75,0,Eficaz
891946,6,52,78.63333333333334,110.36666666666666,0.11538461538461539,31.73333333333332,0,Eficaz
891948,0,1,33.0,36.0,0.0,3.0,5,Altamente Ineficaz
891970,1,21,368.6666666666667,470.3333333333333,0.047619047619047616,101.66666666666663,5,Altamente Ineficaz
891976,1,2,0.0,23.0,0.5,23.0,3,Moderadamente Ineficaz
891988,49,944,529.6120218579235,594.3224043715848,0.05190677966101695,64.71038251366122,5,Altamente Ineficaz
892028,36,1430,454.4714285714286,825.1857142857143,0.025174825174825177,370.7142857142857,2,Promedio
892530,6,21,53.411764705882355,91.58823529411765,0.2857142857142857,38.1764705882353,0,Eficaz
892532,21,176,170.7051282051282,222.03846153846155,0.11931818181818182,51.33333333333334,0,Eficaz
892534,2,46,759.1333333333333,845.6666666666666,0.043478260869565216,86.5333333333333,5,Altamente Ineficaz
892536,7,34,133.20833333333334,165.20833333333334,0.20588235294117646,32.0,0,Eficaz
892538,7,135,398.0,504.7037037037037,0.05185185185185185,106.7037037037037,5,Altamente Ineficaz
892798,2,37,56.75,127.0,0.05405405405405406,70.25,5,Altamente Ineficaz
892800,3,10,322.75,350.5,0.3,27.75,0,Eficaz
893172,1,46,137.31034482758622,172.93103448275863,0.021739130434782608,35.62068965517241,5,Altamente Ineficaz
893400,1,6,15.166666666666666,33.166666666666664,0.16666666666666666,18.0,0,Eficaz
893402,17,373,266.6771653543307,310.7716535433071,0.045576407506702415,44.09448818897636,5,Altamente Ineficaz
893420,13,245,250.15189873417722,314.50632911392404,0.053061224489795916,64.35443037974682,5,Altamente Ineficaz
893674,42,2043,595.4819277108434,1053.132530120482,0.020558002936857563,457.6506024096386,2,Promedio
893700,1,8,17.0,90.25,0.125,73.25,0,Eficaz
893804,130,6417,923.0959752321982,1185.328173374613,0.02025868786037089,262.23219814241486,2,Promedio
894120,1,24,165.45454545454547,210.27272727272728,0.041666666666666664,44.81818181818181,5,Altamente Ineficaz
894224,9,50,69.14285714285714,90.28571428571429,0.18,21.142857142857153,0,Eficaz
894226,8,25,9.416666666666666,38.0,0.32,28.583333333333336,3,Moderadamente Ineficaz
894230,7,21,54.75,75.16666666666667,0.3333333333333333,20.41666666666667,3,Moderadamente Ineficaz
894232,8,21,31.642857142857142,54.714285714285715,0.38095238095238093,23.071428571428573,3,Moderadamente Ineficaz
894614,1,8,244.5,263.6666666666667,0.125,19.166666666666686,0,Eficaz
894656,72,3416,844.1172839506173,1048.8641975308642,0.02107728337236534,204.74691358024688,2,Promedio
894662,9,49,548.7727272727273,576.5454545454545,0.1836734693877551,27.772727272727252,0,Eficaz
894934,2,20,15.0,43.25,0.1,28.25,0,Eficaz
895140,0,4,45.5,121.5,0.0,76.0,5,Altamente Ineficaz
895170,0,11,76.4,92.5,0.0,16.099999999999994,5,Altamente Ineficaz
895172,19,95,154.6818181818182,194.8181818181818,0.2,40.136363636363626,0,Eficaz
895266,1,4,12.0,22.75,0.25,10.75,0,Eficaz
895370,1,10,108.5,143.0,0.1,34.5,0,Eficaz
895574,1,99,231.9795918367347,262.6938775510204,0.010101010101010102,30.714285714285722,5,Altamente Ineficaz
895576,1,80,164.5,195.2173913043478,0.0125,30.717391304347814,5,Altamente Ineficaz
895578,0,64,123.825,147.2,0.0,23.374999999999986,5,Altamente Ineficaz
895598,1,5,18.0,28.5,0.2,10.5,0,Eficaz
895774,15,131,182.82926829268294,226.09756097560975,0.11450381679389313,43.26829268292681,0,Eficaz
895776,22,264,236.59259259259258,305.5925925925926,0.08333333333333333,69.00000000000003,5,Altamente Ineficaz
895782,0,14,55.55555555555556,87.33333333333333,0.0,31.77777777777777,5,Altamente Ineficaz
895786,0,46,166.76470588235293,226.58823529411765,0.0,59.823529411764724,5,Altamente Ineficaz
896008,21,202,158.5875,186.3125,0.10396039603960396,27.724999999999994,0,Eficaz
896010,4,15,44.72727272727273,63.0,0.26666666666666666,18.272727272727273,0,Eficaz
896012,1,270,503.6268656716418,527.6716417910447,0.003703703703703704,24.044776119402968,5,Altamente Ineficaz
896014,5,28,66.27272727272727,81.81818181818181,0.17857142857142858,15.545454545454547,0,Eficaz
896016,61,377,132.39622641509433,160.1509433962264,0.16180371352785147,27.754716981132077,0,Eficaz
896018,3,20,30.11111111111111,49.666666666666664,0.15,19.555555555555554,0,Eficaz
896020,0,16,157.33333333333334,162.33333333333334,0.0,5.0,5,Altamente Ineficaz
896382,13,344,713.9705882352941,923.1470588235294,0.0377906976744186,209.17647058823525,2,Promedio
896384,1,30,866.0,1033.75,0.03333333333333333,167.75,2,Promedio
896386,1,76,2068.0,2993.0,0.013157894736842105,925.0,1,Moderadamente Eficaz
896390,6,97,840.4,1037.5,0.061855670103092786,197.10000000000002,2,Promedio
896428,15,259,497.0217391304348,566.2391304347826,0.05791505791505792,69.21739130434781,5,Altamente Ineficaz
896430,3,19,123.0,150.0,0.15789473684210525,27.0,0,Eficaz
896536,2,208,363.86842105263156,421.3157894736842,0.009615384615384616,57.44736842105266,5,Altamente Ineficaz
896538,1,14,189.72727272727272,250.1818181818182,0.07142857142857142,60.45454545454547,5,Altamente Ineficaz
896708,11,240,765.5277777777778,871.6111111111111,0.04583333333333333,106.08333333333326,5,Altamente Ineficaz
897030,10,82,197.54545454545453,249.54545454545453,0.12195121951219512,52.0,0,Eficaz
897872,10,57,162.4375,174.28125,0.17543859649122806,11.84375,0,Eficaz
897894,0,19,1846.0,1899.2,0.0,53.200000000000045,2,Promedio
898414,3,91,617.5,768.125,0.03296703296703297,150.625,5,Altamente Ineficaz
898422,7,101,229.74074074074073,259.5925925925926,0.06930693069306931,29.851851851851876,5,Altamente Ineficaz
898434,5,10,1.0,67.83333333333333,0.5,66.83333333333333,3,Moderadamente Ineficaz
898558,0,23,64.53846153846153,114.92307692307692,0.0,50.38461538461539,5,Altamente Ineficaz
898560,0,21,135.5,202.9,0.0,67.4,5,Altamente Ineficaz
898676,0,3,94.66666666666667,103.0,0.0,8.333333333333329,5,Altamente Ineficaz
898892,14,102,118.62,160.9,0.13725490196078433,42.28,0,Eficaz
898902,3,22,95.14285714285714,162.57142857142858,0.13636363636363635,67.42857142857144,0,Eficaz
898906,5,147,669.6428571428571,864.2142857142857,0.034013605442176874,194.57142857142856,5,Altamente Ineficaz
898920,1,79,1140.2857142857142,1339.7142857142858,0.012658227848101266,199.42857142857156,2,Promedio
899076,2,2,0.0,23.5,1.0,23.5,4,Ineficaz
899082,79,2372,426.9642857142857,625.7455357142857,0.03330522765598651,198.78124999999994,5,Altamente Ineficaz
899250,77,1879,297.1666666666667,458.5541666666667,0.04097924427887174,161.3875,5,Altamente Ineficaz
899268,2,32,129.08,155.72,0.0625,26.639999999999986,5,Altamente Ineficaz
899788,21,586,1526.0243902439024,1801.0243902439024,0.03583617747440273,275.0,2,Promedio
899790,14,554,2401.6129032258063,2765.5806451612902,0.02527075812274368,363.9677419354839,2,Promedio
899892,0,3,63.666666666666664,95.33333333333333,0.0,31.666666666666664,5,Altamente Ineficaz
899898,0,2,590.0,615.0,0.0,25.0,5,Altamente Ineficaz
899900,0,3,176.0,238.33333333333334,0.0,62.33333333333334,5,Altamente Ineficaz
899906,0,1,626.0,645.0,0.0,19.0,5,Altamente Ineficaz
899912,0,1,189.0,208.0,0.0,19.0,5,Altamente Ineficaz
899932,24,716,2373.978260869565,2659.804347826087,0.0335195530726257,285.826086956522,2,Promedio
899964,17,470,1857.4545454545455,2144.090909090909,0.036170212765957444,286.6363636363635,2,Promedio
899968,18,407,1555.2424242424242,1798.0,0.044226044226044224,242.75757575757575,2,Promedio
899972,20,195,666.1714285714286,760.7714285714286,0.10256410256410256,94.60000000000002,5,Altamente Ineficaz
900180,62,1859,657.6339285714286,956.5535714285714,0.03335126412049489,298.9196428571429,2,Promedio
900192,1,3,1.3333333333333333,6.333333333333333,0.3333333333333333,5.0,3,Moderadamente Ineficaz
900194,16,110,238.77142857142857,279.8142857142857,0.14545454545454545,41.042857142857116,0,Eficaz
900352,39,558,353.4078947368421,409.39473684210526,0.06989247311827956,55.98684210526318,5,Altamente Ineficaz
900354,52,708,393.4329268292683,458.4817073170732,0.07344632768361582,65.04878048780489,5,Altamente Ineficaz
900458,6,29,32.0,84.81818181818181,0.20689655172413793,52.81818181818181,0,Eficaz
900492,50,276,120.33628318584071,176.09734513274336,0.18115942028985507,55.76106194690264,0,Eficaz
900592,18,406,343.68888888888887,383.56666666666666,0.04433497536945813,39.877777777777794,5,Altamente Ineficaz
900594,19,250,351.81111111111113,378.3666666666667,0.076,26.555555555555543,5,Altamente Ineficaz
900614,5,66,97.6829268292683,112.34146341463415,0.07575757575757576,14.658536585365852,5,Altamente Ineficaz
900742,3,42,92.78947368421052,116.47368421052632,0.07142857142857142,23.684210526315795,5,Altamente Ineficaz
900746,11,77,166.06451612903226,197.0,0.14285714285714285,30.935483870967744,0,Eficaz
900788,16,224,299.7857142857143,325.5238095238095,0.07142857142857142,25.73809523809524,5,Altamente Ineficaz
900790,7,105,338.7692307692308,381.15384615384613,0.06666666666666667,42.38461538461536,5,Altamente Ineficaz
900792,2,9,28.0,50.333333333333336,0.2222222222222222,22.333333333333336,0,Eficaz
900826,54,648,328.0888888888889,395.8833333333333,0.08333333333333333,67.79444444444442,5,Altamente Ineficaz
900892,84,1381,371.34099616858236,441.2107279693487,0.0608254887762491,69.86973180076632,5,Altamente Ineficaz
900894,41,342,220.72535211267606,255.5211267605634,0.11988304093567251,34.79577464788733,0,Eficaz
901034,4,25,109.3529411764706,124.29411764705883,0.16,14.941176470588232,0,Eficaz
901038,6,38,195.92307692307693,213.57692307692307,0.15789473684210525,17.653846153846132,0,Eficaz
901178,14,358,451.70588235294116,516.8235294117648,0.03910614525139665,65.1176470588236,5,Altamente Ineficaz
901350,0,111,113.27777777777777,190.0,0.0,76.72222222222223,5,Altamente Ineficaz
901492,1,42,115.18181818181819,145.33333333333334,0.023809523809523808,30.151515151515156,5,Altamente Ineficaz
901498,0,5,49.5,115.75,0.0,66.25,5,Altamente Ineficaz
901584,28,314,155.17164179104478,177.26865671641792,0.08917197452229299,22.097014925373145,5,Altamente Ineficaz
901586,9,140,169.70491803278688,188.4262295081967,0.06428571428571428,18.721311475409834,5,Altamente Ineficaz
901588,7,91,181.12244897959184,200.26530612244898,0.07692307692307693,19.14285714285714,5,Altamente Ineficaz
901734,0,30,182.57142857142858,213.0,0.0,30.428571428571416,5,Altamente Ineficaz
901880,127,4580,1421.1916167664672,1581.2395209580839,0.027729257641921398,160.04790419161668,2,Promedio
901884,115,2846,921.3189655172414,1045.462643678161,0.040407589599437806,124.14367816091954,5,Altamente Ineficaz
901886,58,1786,758.1162790697674,944.9767441860465,0.032474804031354984,186.8604651162791,5,Altamente Ineficaz
901894,0,30,344.55555555555554,427.0,0.0,82.44444444444446,5,Altamente Ineficaz
901992,16,830,1296.5333333333333,1687.4,0.01927710843373494,390.8666666666668,2,Promedio
901996,3,29,185.6,309.8,0.10344827586206896,124.20000000000002,5,Altamente Ineficaz
902238,1,2,10.5,17.0,0.5,6.5,3,Moderadamente Ineficaz
902510,49,1937,1145.546875,1462.3828125,0.025296850800206504,316.8359375,2,Promedio
902532,39,1216,985.2786885245902,1170.7540983606557,0.032072368421052634,185.47540983606552,2,Promedio
902608,10,233,381.7391304347826,591.2173913043479,0.04291845493562232,209.47826086956525,5,Altamente Ineficaz
902720,47,2122,682.3333333333334,968.3178294573644,0.022148916116870875,285.984496124031,2,Promedio
902742,36,1232,2096.442857142857,2454.2571428571428,0.02922077922077922,357.8142857142857,2,Promedio
902744,43,2165,1301.4736842105262,1770.671052631579,0.019861431870669747,469.1973684210527,2,Promedio
902746,35,1678,2171.10447761194,2619.89552238806,0.020858164481525627,448.79104477611963,1,Moderadamente Eficaz
902748,22,1279,1405.8478260869565,1957.4565217391305,0.017200938232994525,551.608695652174,2,Promedio
902774,31,970,1148.581818181818,1566.6363636363637,0.031958762886597936,418.05454545454563,2,Promedio
902776,17,941,2317.7105263157896,2793.2894736842104,0.018065887353878853,475.5789473684208,1,Moderadamente Eficaz
902778,22,536,1903.2222222222222,2113.288888888889,0.041044776119402986,210.0666666666666,2,Promedio
902782,34,1204,2741.1612903225805,3188.016129032258,0.02823920265780731,446.85483870967755,1,Moderadamente Eficaz
902906,0,49,139.85,161.0,0.0,21.150000000000006,5,Altamente Ineficaz
902910,1,31,78.9090909090909,116.0909090909091,0.03225806451612903,37.18181818181819,5,Altamente Ineficaz
903254,81,1845,459.3539094650206,590.8271604938271,0.04390243902439024,131.47325102880654,5,Altamente Ineficaz
903292,4,346,1066.8695652173913,1296.2608695652175,0.011560693641618497,229.39130434782624,2,Promedio
903312,14,197,228.65853658536585,271.8414634146341,0.07106598984771574,43.18292682926827,5,Altamente Ineficaz
903318,68,1646,1021.9142857142857,1155.8380952380953,0.041312272174969626,133.9238095238096,2,Promedio
903390,0,9,68.57142857142857,88.85714285714286,0.0,20.285714285714292,5,Altamente Ineficaz
903512,0,28,143.58823529411765,213.58823529411765,0.0,70.0,5,Altamente Ineficaz
903974,0,11,32.333333333333336,94.0,0.0,61.666666666666664,5,Altamente Ineficaz
903976,0,5,67.0,88.0,0.0,21.0,5,Altamente Ineficaz
903978,3,18,46.0,61.0,0.16666666666666666,15.0,0,Eficaz
904014,29,1475,883.1066666666667,1215.4133333333334,0.01966101694915254,332.30666666666673,2,Promedio
904016,35,2393,1005.875,1456.0625,0.014625992478061012,450.1875,2,Promedio
904038,40,729,734.4189944134079,777.195530726257,0.05486968449931413,42.77653631284909,5,Altamente Ineficaz
904044,13,144,503.25,538.4558823529412,0.09027777777777778,35.20588235294122,5,Altamente Ineficaz
904058,0,19,73.0,91.29411764705883,0.0,18.294117647058826,5,Altamente Ineficaz
904200,2,20,42.23076923076923,70.15384615384616,0.1,27.923076923076927,0,Eficaz
904202,11,255,653.0714285714286,807.0714285714286,0.043137254901960784,154.0,5,Altamente Ineficaz
904204,6,64,76.74074074074075,120.92592592592592,0.09375,44.185185185185176,0,Eficaz
904284,0,49,97.19354838709677,122.06451612903226,0.0,24.870967741935488,5,Altamente Ineficaz
904344,3,12,68.25,93.5,0.25,25.25,0,Eficaz
904372,0,4,15.666666666666666,46.666666666666664,0.0,31.0,5,Altamente Ineficaz
905082,0,4,5.0,39.0,0.0,34.0,5,Altamente Ineficaz
905104,26,536,251.025,293.75,0.048507462686567165,42.724999999999994,5,Altamente Ineficaz
905300,2,29,33.94117647058823,72.17647058823529,0.06896551724137931,38.23529411764706,5,Altamente Ineficaz
905308,1,3,0.0,15.0,0.3333333333333333,15.0,3,Moderadamente Ineficaz
905430,21,949,1444.3214285714287,1763.9107142857142,0.022128556375131718,319.58928571428555,2,Promedio
905432,16,970,1618.5555555555557,2145.6666666666665,0.016494845360824743,527.1111111111109,2,Promedio
905470,0,3,94.0,104.0,0.0,10.0,5,Altamente Ineficaz
905472,2,11,21.8,43.8,0.18181818181818182,21.999999999999996,0,Eficaz
905478,0,1,22.0,58.0,0.0,36.0,5,Altamente Ineficaz
905480,1,1,0.0,5.0,1.0,5.0,4,Ineficaz
905538,99,3843,703.9776951672862,928.5576208178438,0.02576112412177986,224.57992565055758,2,Promedio
905542,85,2302,595.3869565217391,730.1652173913044,0.0369244135534318,134.77826086956532,5,Altamente Ineficaz
905564,83,816,223.2688679245283,278.9669811320755,0.1017156862745098,55.69811320754718,0,Eficaz
905566,87,957,222.25471698113208,284.0,0.09090909090909091,61.74528301886792,5,Altamente Ineficaz
905570,14,102,144.9111111111111,167.73333333333332,0.13725490196078433,22.822222222222223,0,Eficaz
905574,51,479,127.59349593495935,160.3739837398374,0.10647181628392484,32.78048780487805,0,Eficaz
905840,2,7,66.66666666666667,89.66666666666667,0.2857142857142857,23.0,0,Eficaz
905842,70,1253,659.1764705882352,793.0661764705883,0.055865921787709494,133.88970588235304,5,Altamente Ineficaz
905844,58,1146,511.55882352941177,684.2132352941177,0.0506108202443281,172.6544117647059,5,Altamente Ineficaz
905862,4,113,219.09302325581396,248.62790697674419,0.035398230088495575,29.534883720930225,5,Altamente Ineficaz
905870,27,765,666.8395061728395,846.395061728395,0.03529411764705882,179.55555555555554,5,Altamente Ineficaz
905930,38,487,335.453125,369.4609375,0.07802874743326489,34.0078125,5,Altamente Ineficaz
905932,46,398,341.130081300813,373.8536585365854,0.11557788944723618,32.72357723577238,0,Eficaz
905934,5,22,306.4375,316.9375,0.22727272727272727,10.5,0,Eficaz
906070,16,248,742.5263157894736,818.1052631578947,0.06451612903225806,75.57894736842104,5,Altamente Ineficaz
906076,1,25,897.0,1307.0,0.04,410.0,2,Promedio
906294,45,631,326.9120879120879,356.04945054945057,0.07131537242472266,29.137362637362685,5,Altamente Ineficaz
906296,28,236,100.95049504950495,121.1980198019802,0.11864406779661017,20.247524752475243,0,Eficaz
906392,22,80,70.5945945945946,93.8108108108108,0.275,23.21621621621621,0,Eficaz
906394,46,616,501.35820895522386,542.3955223880597,0.07467532467532467,41.037313432835845,5,Altamente Ineficaz
906396,35,568,318.2148148148148,368.15555555555557,0.061619718309859156,49.94074074074075,5,Altamente Ineficaz
906398,13,107,165.11864406779662,196.6949152542373,0.12149532710280374,31.576271186440664,0,Eficaz
906400,50,605,239.25454545454545,283.92121212121214,0.08264462809917356,44.666666666666686,5,Altamente Ineficaz
906402,5,24,105.3529411764706,130.94117647058823,0.20833333333333334,25.588235294117638,0,Eficaz
906404,56,1272,886.1301775147929,1038.6449704142012,0.0440251572327044,152.51479289940835,5,Altamente Ineficaz
906406,81,2046,706.5253456221199,869.9907834101382,0.039589442815249266,163.46543778801833,5,Altamente Ineficaz
906408,19,370,547.4411764705883,668.4411764705883,0.051351351351351354,121.0,5,Altamente Ineficaz
906410,10,265,345.62,475.28,0.03773584905660377,129.65999999999997,5,Altamente Ineficaz
906412,41,354,194.38541666666666,230.41666666666666,0.11581920903954802,36.03125,0,Eficaz
906416,9,88,366.3076923076923,405.71794871794873,0.10227272727272728,39.41025641025641,5,Altamente Ineficaz
906418,1,9,63.57142857142857,83.0,0.1111111111111111,19.42857142857143,0,Eficaz
906420,6,38,192.76470588235293,222.64705882352942,0.15789473684210525,29.882352941176492,0,Eficaz
906680,30,385,154.82835820895522,232.99253731343285,0.07792207792207792,78.16417910447763,5,Altamente Ineficaz
906866,13,617,807.75,1136.0357142857142,0.02106969205834684,328.2857142857142,2,Promedio
907174,58,2814,1040.7936507936508,1396.8174603174602,0.02061122956645345,356.0238095238094,2,Promedio
907178,28,214,114.6376811594203,153.2173913043478,0.1308411214953271,38.57971014492752,0,Eficaz
907180,14,87,143.08823529411765,172.0,0.16091954022988506,28.911764705882348,0,Eficaz
907182,26,339,183.34920634920636,202.55555555555554,0.07669616519174041,19.206349206349188,5,Altamente Ineficaz
907224,46,387,219.54140127388536,249.5859872611465,0.11886304909560723,30.044585987261144,0,Eficaz
907440,23,197,104.95744680851064,125.5,0.116751269035533,20.54255319148936,0,Eficaz
907442,14,93,70.52,101.6,0.15053763440860216,31.08,0,Eficaz
907502,2,263,202.24615384615385,283.2769230769231,0.0076045627376425855,81.03076923076924,5,Altamente Ineficaz
907504,5,30,34.76923076923077,51.38461538461539,0.16666666666666666,16.61538461538462,0,Eficaz
907618,0,1,39.0,74.0,0.0,35.0,5,Altamente Ineficaz
907952,21,245,173.4102564102564,190.0940170940171,0.08571428571428572,16.68376068376068,5,Altamente Ineficaz
907964,12,81,184.45454545454547,198.47727272727272,0.14814814814814814,14.022727272727252,0,Eficaz
907970,27,190,166.6813186813187,178.9120879120879,0.14210526315789473,12.230769230769226,0,Eficaz
907972,3,14,75.6,96.9,0.21428571428571427,21.30000000000001,0,Eficaz
907974,0,3,427.0,436.6666666666667,0.0,9.666666666666686,5,Altamente Ineficaz
907982,13,165,160.12359550561797,183.61797752808988,0.07878787878787878,23.49438202247191,5,Altamente Ineficaz
907986,31,502,180.45,210.725,0.061752988047808766,30.275000000000006,5,Altamente Ineficaz
907994,17,164,218.51724137931035,235.1494252873563,0.10365853658536585,16.63218390804596,0,Eficaz
907998,0,2,23.0,49.0,0.0,26.0,5,Altamente Ineficaz
908002,4,24,22.333333333333332,50.53333333333333,0.16666666666666666,28.2,0,Eficaz
908078,5,115,148.69811320754718,172.9433962264151,0.043478260869565216,24.245283018867923,5,Altamente Ineficaz
908080,0,8,178.0,193.42857142857142,0.0,15.428571428571416,5,Altamente Ineficaz
908082,2,49,169.38709677419354,182.7741935483871,0.04081632653061224,13.387096774193566,5,Altamente Ineficaz
908098,0,9,99.5,159.5,0.0,60.0,5,Altamente Ineficaz
908130,0,3,74.66666666666667,103.0,0.0,28.33333333333333,5,Altamente Ineficaz
908152,0,15,71.2,131.2,0.0,59.999999999999986,5,Altamente Ineficaz
908162,0,3,140.5,220.0,0.0,79.5,5,Altamente Ineficaz
908180,0,1,6.0,21.0,0.0,15.0,5,Altamente Ineficaz
908300,0,5,16.666666666666668,110.33333333333333,0.0,93.66666666666666,5,Altamente Ineficaz
908640,7,299,461.0,660.3529411764706,0.023411371237458192,199.3529411764706,5,Altamente Ineficaz
908718,2,3,14.666666666666666,53.333333333333336,0.6666666666666666,38.66666666666667,3,Moderadamente Ineficaz
908834,2,25,285.1666666666667,434.6666666666667,0.08,149.5,5,Altamente Ineficaz
908958,33,1140,752.5806451612904,939.741935483871,0.02894736842105263,187.1612903225806,5,Altamente Ineficaz
908960,30,871,460.396449704142,571.9704142011834,0.03444316877152698,111.5739644970414,5,Altamente Ineficaz
908984,1,13,180.66666666666666,292.6666666666667,0.07692307692307693,112.00000000000003,5,Altamente Ineficaz
909134,7,221,427.32894736842104,527.9605263157895,0.03167420814479638,100.63157894736844,5,Altamente Ineficaz
909308,3,15,0.0,116.33333333333333,0.2,116.33333333333333,0,Eficaz
909392,0,5,102.6,128.6,0.0,26.0,5,Altamente Ineficaz
909452,0,8,3394.0,3509.0,0.0,115.0,2,Promedio
909502,22,865,1307.575,1751.7,0.025433526011560695,444.125,2,Promedio
909624,0,3,77.5,128.0,0.0,50.5,5,Altamente Ineficaz
909768,0,14,278.64285714285717,320.64285714285717,0.0,42.0,5,Altamente Ineficaz
909892,1,8,95.4,109.8,0.125,14.399999999999991,0,Eficaz
909894,0,1,19.0,32.0,0.0,13.0,5,Altamente Ineficaz
909896,0,1,16.0,25.0,0.0,9.0,5,Altamente Ineficaz
909910,48,344,246.53076923076924,270.8692307692308,0.13953488372093023,24.33846153846156,0,Eficaz
910018,0,132,453.67857142857144,510.4107142857143,0.0,56.73214285714283,5,Altamente Ineficaz
910038,0,2,102.0,117.0,0.0,15.0,5,Altamente Ineficaz
910044,0,19,250.7,278.9,0.0,28.19999999999999,5,Altamente Ineficaz
910224,0,11,41.625,60.75,0.0,19.125,5,Altamente Ineficaz
910226,2,8,43.375,59.875,0.25,16.5,0,Eficaz
910516,0,35,90.36,121.68,0.0,31.320000000000007,5,Altamente Ineficaz
910520,19,227,327.7142857142857,380.94642857142856,0.08370044052863436,53.23214285714283,5,Altamente Ineficaz
910524,5,85,587.6,715.0,0.058823529411764705,127.39999999999998,5,Altamente Ineficaz
910530,11,884,1953.44,2429.36,0.012443438914027148,475.9200000000001,2,Promedio
910532,7,214,562.0,675.8095238095239,0.03271028037383177,113.80952380952385,5,Altamente Ineficaz
910540,1,168,517.7903225806451,574.5806451612904,0.005952380952380952,56.79032258064524,5,Altamente Ineficaz
910594,1,28,40.5,286.5,0.03571428571428571,246.0,5,Altamente Ineficaz
910902,0,17,740.1111111111111,764.7777777777778,0.0,24.666666666666742,5,Altamente Ineficaz
910926,0,25,1446.4285714285713,1491.2857142857142,0.0,44.85714285714289,2,Promedio
910958,0,13,79.2,150.1,0.0,70.89999999999999,5,Altamente Ineficaz
911102,3,36,64.83333333333333,109.625,0.08333333333333333,44.79166666666667,5,Altamente Ineficaz
911104,0,1,137.0,150.0,0.0,13.0,5,Altamente Ineficaz
911136,1,240,623.7307692307693,715.3846153846154,0.004166666666666667,91.65384615384608,5,Altamente Ineficaz
911138,4,316,674.5081967213115,776.016393442623,0.012658227848101266,101.50819672131149,5,Altamente Ineficaz
911140,2,75,260.80555555555554,315.3888888888889,0.02666666666666667,54.58333333333337,5,Altamente Ineficaz
911142,3,26,51.333333333333336,117.22222222222223,0.11538461538461539,65.88888888888889,0,Eficaz
911152,0,2,59.0,102.0,0.0,43.0,5,Altamente Ineficaz
911214,0,2,10.5,28.5,0.0,18.0,5,Altamente Ineficaz
911310,22,525,326.019801980198,400.6831683168317,0.0419047619047619,74.66336633663371,5,Altamente Ineficaz
912010,2,146,156.92592592592592,206.25925925925927,0.0136986301369863,49.33333333333334,5,Altamente Ineficaz
912252,34,311,249.9537037037037,299.47222222222223,0.10932475884244373,49.51851851851853,0,Eficaz
912296,44,687,414.0229007633588,477.78625954198475,0.06404657933042213,63.76335877862596,5,Altamente Ineficaz
912684,1,26,141.66666666666666,202.06666666666666,0.038461538461538464,60.400000000000006,5,Altamente Ineficaz
912722,70,607,211.12322274881515,242.5829383886256,0.11532125205930807,31.45971563981044,0,Eficaz
913474,2,13,33.8,82.2,0.15384615384615385,48.400000000000006,0,Eficaz
913780,0,5,87.33333333333333,117.0,0.0,29.66666666666667,5,Altamente Ineficaz
913788,60,1860,627.5947368421052,786.3578947368421,0.03225806451612903,158.76315789473688,5,Altamente Ineficaz
913868,4,44,130.2,177.6,0.09090909090909091,47.400000000000006,5,Altamente Ineficaz
913886,1,2,19.0,32.5,0.5,13.5,3,Moderadamente Ineficaz
913938,51,4604,2132.5806451612902,2422.0451612903225,0.011077324066029539,289.4645161290323,2,Promedio
913942,59,2873,1497.1328671328672,1762.118881118881,0.020536025060911938,264.98601398601386,2,Promedio
913984,2,12,53.25,72.0,0.16666666666666666,18.75,0,Eficaz
914036,3,35,450.0,589.6,0.08571428571428572,139.60000000000002,5,Altamente Ineficaz
914050,25,438,823.0555555555555,1012.8333333333334,0.05707762557077625,189.77777777777783,2,Promedio
914052,48,1468,299.69565217391306,568.2826086956521,0.0326975476839237,268.58695652173907,5,Altamente Ineficaz
914168,1,11,197.83333333333334,253.0,0.09090909090909091,55.16666666666666,5,Altamente Ineficaz
914170,2,19,426.0,450.3333333333333,0.10526315789473684,24.333333333333314,5,Altamente Ineficaz
914172,0,12,56.5,91.0,0.0,34.5,5,Altamente Ineficaz
914238,10,374,304.79487179487177,352.15384615384613,0.026737967914438502,47.358974358974365,5,Altamente Ineficaz
914240,4,56,333.5,434.4,0.07142857142857142,100.89999999999998,5,Altamente Ineficaz
914256,0,26,98.0,121.05882352941177,0.0,23.058823529411768,5,Altamente Ineficaz
914266,0,5,24.0,46.333333333333336,0.0,22.333333333333336,5,Altamente Ineficaz
914272,1,1,0.0,9.0,1.0,9.0,4,Ineficaz
914338,8,48,95.91666666666667,124.83333333333333,0.16666666666666666,28.916666666666657,0,Eficaz
914348,1,9,425.2,433.6,0.1111111111111111,8.400000000000034,0,Eficaz
914426,1,7,109.8,140.4,0.14285714285714285,30.60000000000001,0,Eficaz
914440,2,31,182.2,210.95,0.06451612903225806,28.75,5,Altamente Ineficaz
914626,1,1,0.0,0.0,1.0,0.0,4,Ineficaz
914630,19,168,291.7307692307692,356.6730769230769,0.1130952380952381,64.94230769230768,0,Eficaz
914636,3,18,179.8181818181818,202.54545454545453,0.16666666666666666,22.72727272727272,0,Eficaz
914816,3,7,221.71428571428572,241.57142857142858,0.42857142857142855,19.85714285714286,3,Moderadamente Ineficaz
914842,0,6,289.6666666666667,308.5,0.0,18.833333333333314,5,Altamente Ineficaz
914848,3,22,120.5,179.375,0.13636363636363635,58.875,0,Eficaz
914870,2,9,45.833333333333336,65.16666666666667,0.2222222222222222,19.333333333333336,0,Eficaz
915358,24,277,140.53623188405797,167.9855072463768,0.08664259927797834,27.449275362318843,5,Altamente Ineficaz
915360,29,287,244.97590361445782,269.03614457831327,0.10104529616724739,24.06024096385545,0,Eficaz
915504,4,33,686.0,795.5714285714286,0.12121212121212122,109.57142857142856,5,Altamente Ineficaz
915556,69,2195,1031.341463414634,1273.9268292682927,0.03143507972665148,242.5853658536587,2,Promedio
915558,13,161,505.76,589.52,0.08074534161490683,83.75999999999999,5,Altamente Ineficaz
915614,12,78,74.65,118.3,0.15384615384615385,43.64999999999999,0,Eficaz
915958,4,34,294.5,326.625,0.11764705882352941,32.125,0,Eficaz
916424,29,636,585.3975903614457,664.3012048192771,0.04559748427672956,78.9036144578314,5,Altamente Ineficaz
916596,1,30,503.6666666666667,627.3333333333334,0.03333333333333333,123.66666666666669,5,Altamente Ineficaz
916618,10,175,205.82258064516128,241.96774193548387,0.05714285714285714,36.14516129032259,5,Altamente Ineficaz
917234,31,1225,1093.703125,1420.734375,0.025306122448979593,327.03125,2,Promedio
917252,4,21,70.21428571428571,100.92857142857143,0.19047619047619047,30.714285714285722,0,Eficaz
917378,4,17,59.333333333333336,91.22222222222223,0.23529411764705882,31.888888888888893,0,Eficaz
917446,3,15,87.66666666666667,128.0,0.2,40.33333333333333,0,Eficaz
917680,7,45,50.333333333333336,95.4,0.15555555555555556,45.06666666666667,0,Eficaz
917682,1,7,7.5,32.0,0.14285714285714285,24.5,0,Eficaz
917846,4,44,315.7142857142857,337.14285714285717,0.09090909090909091,21.428571428571445,5,Altamente Ineficaz
917850,25,357,188.65413533834587,221.89473684210526,0.0700280112044818,33.24060150375939,5,Altamente Ineficaz
917852,55,1542,694.7239263803681,826.3251533742331,0.035667963683527884,131.601226993865,5,Altamente Ineficaz
917856,10,81,283.9428571428571,301.48571428571427,0.12345679012345678,17.542857142857144,0,Eficaz
917858,2,5,51.0,63.666666666666664,0.4,12.666666666666664,3,Moderadamente Ineficaz
917876,0,11,42.0,56.3,0.0,14.299999999999997,5,Altamente Ineficaz
917890,0,2,647.0,660.0,0.0,13.0,5,Altamente Ineficaz
918390,12,262,1664.051948051948,1717.051948051948,0.04580152671755725,53.0,2,Promedio
918436,15,905,808.2407407407408,1033.0185185185185,0.016574585635359115,224.77777777777771,2,Promedio
918452,40,327,262.8333333333333,292.5,0.12232415902140673,29.666666666666686,0,Eficaz
918888,4,11,13.818181818181818,24.181818181818183,0.36363636363636365,10.363636363636365,3,Moderadamente Ineficaz
918956,4,19,52.2,90.8,0.21052631578947367,38.599999999999994,0,Eficaz
918958,2,10,14.8,46.4,0.2,31.599999999999998,0,Eficaz
918978,55,2129,1166.076388888889,1396.6041666666667,0.025833724753405354,230.52777777777783,2,Promedio
918986,47,2336,1166.5629139072848,1427.9072847682119,0.02011986301369863,261.34437086092703,2,Promedio
918988,1,2,8.0,14.5,0.5,6.5,3,Moderadamente Ineficaz
919126,9,291,371.7,645.75,0.030927835051546393,274.05,5,Altamente Ineficaz
919128,3,98,48.25,208.875,0.030612244897959183,160.625,5,Altamente Ineficaz
919162,1,68,2074.0,2673.5,0.014705882352941176,599.5,1,Moderadamente Eficaz
919164,8,731,1820.5,2030.090909090909,0.01094391244870041,209.590909090909,2,Promedio
919166,8,1230,2558.035714285714,2809.6785714285716,0.0065040650406504065,251.64285714285734,2,Promedio
919188,3,79,2001.2,2296.2,0.0379746835443038,294.9999999999998,2,Promedio
919190,1,85,470.4,741.0,0.011764705882352941,270.6,2,Promedio
919192,5,387,3533.1,4222.3,0.012919896640826873,689.2000000000003,1,Moderadamente Eficaz
919194,20,1243,2963.8888888888887,3728.8333333333335,0.016090104585679808,764.9444444444448,1,Moderadamente Eficaz
919196,4,326,1538.9,2172.7,0.012269938650306749,633.7999999999997,1,Moderadamente Eficaz
919198,10,877,1722.421052631579,2635.2631578947367,0.011402508551881414,912.8421052631577,1,Moderadamente Eficaz
919200,10,618,2048.5882352941176,2801.176470588235,0.016181229773462782,752.5882352941176,1,Moderadamente Eficaz
919202,8,823,3204.277777777778,4124.833333333333,0.009720534629404616,920.5555555555552,1,Moderadamente Eficaz
919204,8,1109,4136.545454545455,4534.909090909091,0.007213706041478809,398.36363636363603,1,Moderadamente Eficaz
919206,9,999,1601.1818181818182,1962.6363636363637,0.009009009009009009,361.4545454545455,2,Promedio
919214,1,22,276.0833333333333,324.5833333333333,0.045454545454545456,48.5,5,Altamente Ineficaz
919218,20,325,430.7708333333333,557.7291666666666,0.06153846153846154,126.95833333333331,5,Altamente Ineficaz
919302,1,100,4994.333333333333,5698.333333333333,0.01,704.0,1,Moderadamente Eficaz
919306,7,364,1853.0,2500.8333333333335,0.019230769230769232,647.8333333333335,1,Moderadamente Eficaz
919310,15,1161,1385.967741935484,2142.6451612903224,0.012919896640826873,756.6774193548385,1,Moderadamente Eficaz
919314,5,131,1172.0,1601.0,0.03816793893129771,429.0,2,Promedio
919318,9,770,1005.8,1620.15,0.011688311688311689,614.3500000000001,2,Promedio
919362,1,39,0.0,1146.0,0.02564102564102564,1146.0,1,Moderadamente Eficaz
919364,1,7,0.0,0.0,0.14285714285714285,0.0,0,Eficaz
919370,5,621,3758.0714285714284,4608.5,0.008051529790660225,850.4285714285716,1,Moderadamente Eficaz
919372,4,446,1513.9166666666667,2212.75,0.008968609865470852,698.8333333333333,1,Moderadamente Eficaz
919374,0,457,3638.875,4722.875,0.0,1084.0,1,Moderadamente Eficaz
919376,7,684,3135.0666666666666,4003.266666666667,0.01023391812865497,868.2000000000003,1,Moderadamente Eficaz
919378,1,419,3070.0,3936.75,0.002386634844868735,866.75,1,Moderadamente Eficaz
919382,5,652,1742.0666666666666,2517.9333333333334,0.007668711656441718,775.8666666666668,1,Moderadamente Eficaz
919390,7,589,1008.4,1667.6666666666667,0.011884550084889643,659.2666666666668,2,Promedio
919418,1,2,0.0,10.0,0.5,10.0,3,Moderadamente Ineficaz
919456,9,886,2041.090909090909,2826.318181818182,0.010158013544018058,785.227272727273,1,Moderadamente Eficaz
919464,5,633,2529.0588235294117,3183.9411764705883,0.007898894154818325,654.8823529411766,1,Moderadamente Eficaz
919476,8,582,1504.7142857142858,2369.8571428571427,0.013745704467353952,865.1428571428569,1,Moderadamente Eficaz
919482,4,366,2659.6666666666665,3469.5555555555557,0.01092896174863388,809.8888888888891,1,Moderadamente Eficaz
919490,4,492,2518.75,3246.0,0.008130081300813009,727.25,1,Moderadamente Eficaz
919504,1,236,3369.75,4448.5,0.00423728813559322,1078.75,1,Moderadamente Eficaz
919536,4,15,58.55555555555556,74.44444444444444,0.26666666666666666,15.888888888888886,0,Eficaz
919552,11,1265,1339.1949152542372,1692.0338983050847,0.008695652173913044,352.83898305084745,2,Promedio
919554,15,1359,1425.3440860215053,1894.225806451613,0.011037527593818985,468.88172043010763,2,Promedio
919790,4,808,949.1,1362.1166666666666,0.0049504950495049506,413.01666666666654,2,Promedio
919792,9,913,674.3,909.7636363636364,0.009857612267250822,235.4636363636364,2,Promedio
919794,2,962,1904.0,2558.5641025641025,0.002079002079002079,654.5641025641025,1,Moderadamente Eficaz
919896,2,8,105.57142857142857,121.14285714285714,0.25,15.57142857142857,0,Eficaz
919906,12,568,1828.8695652173913,2379.0434782608695,0.02112676056338028,550.1739130434783,1,Moderadamente Eficaz
919910,14,377,910.8571428571429,1178.107142857143,0.03713527851458886,267.25,2,Promedio
919956,0,13,17.46153846153846,28.0,0.0,10.53846153846154,5,Altamente Ineficaz
919958,0,2,38.0,73.0,0.0,35.0,5,Altamente Ineficaz
919994,0,21,155.46153846153845,224.15384615384616,0.0,68.69230769230771,5,Altamente Ineficaz
920146,20,90,163.21621621621622,187.24324324324326,0.2222222222222222,24.02702702702703,0,Eficaz
920414,2,472,4930.0,5848.111111111111,0.00423728813559322,918.1111111111113,1,Moderadamente Eficaz
920416,9,1142,1309.56,1994.44,0.00788091068301226,684.8800000000001,1,Moderadamente Eficaz
920666,26,509,618.1565217391304,671.8086956521739,0.05108055009823183,53.6521739130435,5,Altamente Ineficaz
920706,23,252,277.5529411764706,324.47058823529414,0.09126984126984126,46.91764705882355,5,Altamente Ineficaz
920720,23,347,312.2330097087379,362.88349514563106,0.06628242074927954,50.65048543689318,5,Altamente Ineficaz
920726,14,120,176.05555555555554,206.37037037037038,0.11666666666666667,30.314814814814838,0,Eficaz
920728,17,312,433.37974683544303,490.8101265822785,0.05448717948717949,57.430379746835456,5,Altamente Ineficaz
920732,19,295,477.1857142857143,546.1285714285714,0.06440677966101695,68.94285714285706,5,Altamente Ineficaz
920838,22,256,346.2375,394.0125,0.0859375,47.77499999999998,5,Altamente Ineficaz
920852,32,505,342.5925925925926,400.3425925925926,0.06336633663366337,57.75,5,Altamente Ineficaz
920874,0,33,234.68421052631578,282.7368421052632,0.0,48.0526315789474,5,Altamente Ineficaz
920902,5,80,151.75,229.375,0.0625,77.625,5,Altamente Ineficaz
920928,4,16,23.0,50.1,0.25,27.1,0,Eficaz
920930,0,1,21.0,83.0,0.0,62.0,5,Altamente Ineficaz
920982,0,61,260.96875,308.34375,0.0,47.375,5,Altamente Ineficaz
921062,3,128,286.4634146341463,320.4634146341463,0.0234375,34.0,5,Altamente Ineficaz
921102,6,30,87.2,103.65,0.2,16.450000000000003,0,Eficaz
921104,2,15,89.85714285714286,116.85714285714286,0.13333333333333333,27.0,0,Eficaz
921116,19,122,203.375,237.23214285714286,0.1557377049180328,33.85714285714286,0,Eficaz
921306,43,1067,464.77941176470586,643.6544117647059,0.04029990627928772,178.875,5,Altamente Ineficaz
921316,21,87,95.14634146341463,111.73170731707317,0.2413793103448276,16.585365853658544,0,Eficaz
921318,67,4782,1743.7870967741935,2185.2193548387095,0.014010874111250522,441.43225806451596,2,Promedio
921320,23,397,206.2608695652174,337.71014492753625,0.05793450881612091,131.44927536231884,5,Altamente Ineficaz
921574,3,284,2984.3333333333335,3957.8333333333335,0.01056338028169014,973.5,1,Moderadamente Eficaz
921584,9,699,699.7272727272727,1272.0,0.012875536480686695,572.2727272727273,2,Promedio
921592,2,198,1389.4,2282.0,0.010101010101010102,892.5999999999999,1,Moderadamente Eficaz
921594,3,562,3797.2,4848.1,0.005338078291814947,1050.9000000000005,1,Moderadamente Eficaz
921596,4,236,1574.0,2352.285714285714,0.01694915254237288,778.2857142857142,1,Moderadamente Eficaz
921814,10,100,197.15384615384616,226.30769230769232,0.1,29.15384615384616,0,Eficaz
921818,84,4309,1024.2616822429907,1299.8504672897195,0.019494082153631933,275.58878504672884,2,Promedio
922114,1,13,132.25,151.5,0.07692307692307693,19.25,5,Altamente Ineficaz
922142,60,792,355.53982300884957,521.0973451327434,0.07575757575757576,165.55752212389382,5,Altamente Ineficaz
922154,0,2,50.0,59.0,0.0,9.0,5,Altamente Ineficaz
922356,0,22,340.3,397.8,0.0,57.5,5,Altamente Ineficaz
922428,24,260,432.94594594594594,479.7162162162162,0.09230769230769231,46.77027027027026,5,Altamente Ineficaz
922474,21,322,362.22857142857146,406.0285714285714,0.06521739130434782,43.799999999999955,5,Altamente Ineficaz
922476,22,207,551.6086956521739,606.2826086956521,0.10628019323671498,54.67391304347825,5,Altamente Ineficaz
922486,4,8,45.833333333333336,49.166666666666664,0.5,3.3333333333333286,3,Moderadamente Ineficaz
922698,4,16,23.571428571428573,33.714285714285715,0.25,10.142857142857142,0,Eficaz
922710,4,686,2766.230769230769,3709.846153846154,0.0058309037900874635,943.6153846153848,1,Moderadamente Eficaz
923250,0,182,2504.9565217391305,2614.391304347826,0.0,109.43478260869551,2,Promedio
923254,0,10,676.25,715.0,0.0,38.75,5,Altamente Ineficaz
923526,70,3053,631.0339805825242,844.4174757281553,0.02292826727808713,213.38349514563106,5,Altamente Ineficaz
923528,42,802,204.53787878787878,318.8636363636364,0.05236907730673317,114.32575757575759,5,Altamente Ineficaz
923646,0,2,14.0,33.0,0.0,19.0,5,Altamente Ineficaz
923666,13,763,2410.8636363636365,3110.909090909091,0.01703800786369594,700.0454545454545,1,Moderadamente Eficaz
923744,0,1,55.0,60.0,0.0,5.0,5,Altamente Ineficaz
923944,0,43,72.2,89.0,0.0,16.799999999999997,5,Altamente Ineficaz
924356,31,268,215.66176470588235,256.63235294117646,0.11567164179104478,40.970588235294116,0,Eficaz
924370,2,16,79.46153846153847,88.46153846153847,0.125,9.0,0,Eficaz
924544,2,121,272.5652173913044,290.2173913043478,0.01652892561983471,17.65217391304344,5,Altamente Ineficaz
924546,12,131,451.03225806451616,477.5,0.0916030534351145,26.467741935483843,5,Altamente Ineficaz
924572,1,1,0.0,1.0,1.0,1.0,4,Ineficaz
924614,2,23,33.57142857142857,42.0,0.08695652173913043,8.42857142857143,0,Eficaz
924662,0,1,28.0,48.0,0.0,20.0,5,Altamente Ineficaz
924928,9,92,190.16666666666666,233.20833333333334,0.09782608695652174,43.041666666666686,0,Eficaz
924930,31,268,281.5531914893617,338.1489361702128,0.11567164179104478,56.595744680851055,0,Eficaz
924932,2,36,122.5925925925926,140.66666666666666,0.05555555555555555,18.074074074074062,5,Altamente Ineficaz
924934,50,626,387.73636363636365,490.6363636363636,0.07987220447284345,102.89999999999998,5,Altamente Ineficaz
924936,1,8,80.33333333333333,106.0,0.125,25.66666666666667,0,Eficaz
924940,29,223,245.85333333333332,292.38666666666666,0.13004484304932734,46.53333333333333,0,Eficaz
924946,10,56,298.37931034482756,335.37931034482756,0.17857142857142858,37.0,0,Eficaz
924948,36,282,229.64646464646464,291.6969696969697,0.1276595744680851,62.05050505050505,0,Eficaz
924950,39,343,293.9586776859504,345.5123966942149,0.11370262390670553,51.553719008264466,0,Eficaz
924952,15,118,152.61666666666667,186.4,0.1271186440677966,33.78333333333333,0,Eficaz
924954,22,140,214.51666666666668,255.96666666666667,0.15714285714285714,41.44999999999999,0,Eficaz
924956,14,106,166.7450980392157,203.23529411764707,0.1320754716981132,36.49019607843138,0,Eficaz
924958,37,273,179.75454545454545,216.7,0.13553113553113552,36.94545454545454,0,Eficaz
924960,49,303,156.48299319727892,191.68027210884352,0.1617161716171617,35.19727891156461,0,Eficaz
925104,64,2286,686.3010752688172,857.9462365591398,0.02799650043744532,171.64516129032268,5,Altamente Ineficaz
925106,0,23,80.8125,121.4375,0.0,40.625,5,Altamente Ineficaz
925134,1,44,1847.5,2282.5,0.022727272727272728,435.0,2,Promedio
925808,0,11,76.77777777777777,100.0,0.0,23.22222222222223,5,Altamente Ineficaz
925826,36,708,578.3697478991596,667.563025210084,0.05084745762711865,89.19327731092437,5,Altamente Ineficaz
925828,36,646,553.1467889908257,638.0,0.05572755417956656,84.85321100917429,5,Altamente Ineficaz
925922,11,587,1276.0277777777778,1444.2222222222222,0.018739352640545145,168.19444444444434,2,Promedio
926184,4,74,254.0,284.51724137931035,0.05405405405405406,30.51724137931035,5,Altamente Ineficaz
926214,0,3,277.0,304.0,0.0,27.0,5,Altamente Ineficaz
926312,21,140,332.86538461538464,409.78846153846155,0.15,76.9230769230769,0,Eficaz
926486,41,2086,2108.0666666666666,2521.5904761904762,0.019654841802492808,413.52380952380963,2,Promedio
926490,21,155,379.41818181818184,424.74545454545455,0.13548387096774195,45.327272727272714,0,Eficaz
926872,4,32,118.25,123.2,0.125,4.950000000000003,0,Eficaz
927070,0,42,271.11538461538464,342.1923076923077,0.0,71.07692307692304,5,Altamente Ineficaz
927142,2,7,339.85714285714283,345.14285714285717,0.2857142857142857,5.285714285714334,0,Eficaz
927908,0,5,299.3333333333333,303.6666666666667,0.0,4.333333333333371,5,Altamente Ineficaz
927910,1,31,330.3636363636364,337.72727272727275,0.03225806451612903,7.363636363636374,5,Altamente Ineficaz
927912,1,17,317.5,323.25,0.058823529411764705,5.75,5,Altamente Ineficaz
927916,23,635,612.7826086956521,739.2898550724638,0.03622047244094488,126.50724637681162,5,Altamente Ineficaz
928022,0,8,74.0,105.0,0.0,31.0,5,Altamente Ineficaz
928092,0,5,57.666666666666664,136.33333333333334,0.0,78.66666666666669,5,Altamente Ineficaz
928142,0,8,22.875,36.625,0.0,13.75,5,Altamente Ineficaz
928202,0,32,478.0,506.1111111111111,0.0,28.111111111111086,5,Altamente Ineficaz
928228,4,69,519.3333333333334,679.1666666666666,0.057971014492753624,159.83333333333326,5,Altamente Ineficaz
928282,2,2,0.0,8.0,1.0,8.0,4,Ineficaz
928284,1,2,0.0,11.0,0.5,11.0,3,Moderadamente Ineficaz
928312,45,1975,599.8217821782179,831.7326732673267,0.02278481012658228,231.91089108910887,2,Promedio
928382,6,23,21.05263157894737,34.526315789473685,0.2608695652173913,13.473684210526315,0,Eficaz
928404,0,5,95.33333333333333,121.0,0.0,25.66666666666667,5,Altamente Ineficaz
928518,3,136,645.75,1514.25,0.022058823529411766,868.5,1,Moderadamente Eficaz
928886,39,833,2434.433962264151,2598.1509433962265,0.0468187274909964,163.7169811320755,2,Promedio
928888,46,1008,606.9112903225806,755.4677419354839,0.04563492063492063,148.5564516129033,5,Altamente Ineficaz
928926,3,16,59.0,90.66666666666667,0.1875,31.66666666666667,0,Eficaz
929228,12,92,166.91176470588235,204.5,0.13043478260869565,37.58823529411765,0,Eficaz
929332,0,40,659.0,691.7777777777778,0.0,32.77777777777783,5,Altamente Ineficaz
929340,0,8,236.0,294.1666666666667,0.0,58.166666666666686,5,Altamente Ineficaz
929424,40,2195,578.3461538461538,672.2615384615384,0.018223234624145785,93.9153846153846,5,Altamente Ineficaz
929426,13,813,1490.3461538461538,2047.6538461538462,0.015990159901599015,557.3076923076924,2,Promedio
929428,3,532,2008.0,2695.4,0.005639097744360902,687.4000000000001,1,Moderadamente Eficaz
929542,1,2,6.0,15.0,0.5,9.0,3,Moderadamente Ineficaz
929544,6,66,344.0769230769231,392.3076923076923,0.09090909090909091,48.230769230769226,5,Altamente Ineficaz
929622,1,18,132.0,149.0,0.05555555555555555,17.0,5,Altamente Ineficaz
929626,4,63,165.06060606060606,186.78787878787878,0.06349206349206349,21.72727272727272,5,Altamente Ineficaz
929876,22,129,212.28358208955223,248.62686567164178,0.17054263565891473,36.343283582089555,0,Eficaz
929884,4,59,175.39285714285714,223.0,0.06779661016949153,47.60714285714286,5,Altamente Ineficaz
930020,46,691,1990.4351851851852,2116.6203703703704,0.06657018813314038,126.18518518518522,2,Promedio
930186,8,63,410.5238095238095,463.5238095238095,0.12698412698412698,53.0,0,Eficaz
930242,1,4,74.25,91.5,0.25,17.25,0,Eficaz
930264,0,4,133.0,146.0,0.0,13.0,5,Altamente Ineficaz
930326,0,12,149.0,163.5,0.0,14.5,5,Altamente Ineficaz
930510,0,4,161.25,176.75,0.0,15.5,5,Altamente Ineficaz
930524,0,28,1147.0,1203.875,0.0,56.875,5,Altamente Ineficaz
930582,0,1,62.0,78.0,0.0,16.0,5,Altamente Ineficaz
930586,26,230,592.0188679245283,679.1320754716982,0.11304347826086956,87.11320754716985,5,Altamente Ineficaz
930590,12,68,380.85714285714283,430.92857142857144,0.17647058823529413,50.07142857142861,0,Eficaz
930594,10,56,546.0689655172414,589.448275862069,0.17857142857142858,43.37931034482756,0,Eficaz
930660,5,24,292.0,317.38461538461536,0.20833333333333334,25.38461538461536,0,Eficaz
930662,2,23,134.72727272727272,165.1818181818182,0.08695652173913043,30.454545454545467,5,Altamente Ineficaz
930690,2,6,9.4,21.4,0.3333333333333333,11.999999999999998,3,Moderadamente Ineficaz
930692,0,6,58.0,63.0,0.0,5.0,5,Altamente Ineficaz
930814,1,15,132.5,153.91666666666666,0.06666666666666667,21.416666666666657,5,Altamente Ineficaz
930816,0,5,115.0,128.8,0.0,13.800000000000011,5,Altamente Ineficaz
930818,0,3,141.0,154.66666666666666,0.0,13.666666666666657,5,Altamente Ineficaz
930820,0,7,51.42857142857143,65.0,0.0,13.57142857142857,5,Altamente Ineficaz
930908,10,80,146.34782608695653,155.58695652173913,0.125,9.239130434782595,0,Eficaz
930910,1,14,161.54545454545453,169.54545454545453,0.07142857142857142,8.0,5,Altamente Ineficaz
930912,9,246,548.85,725.95,0.036585365853658534,177.10000000000002,5,Altamente Ineficaz
930914,32,329,183.8548387096774,283.2096774193548,0.0972644376899696,99.35483870967741,5,Altamente Ineficaz
931458,56,3737,1454.9782608695652,1888.6304347826087,0.014985282312014986,433.6521739130435,2,Promedio
931914,0,33,168.95,196.05,0.0,27.100000000000023,5,Altamente Ineficaz
932050,6,145,661.7692307692307,864.3846153846154,0.041379310344827586,202.61538461538464,5,Altamente Ineficaz
932088,1,12,425.6666666666667,472.3333333333333,0.08333333333333333,46.66666666666663,5,Altamente Ineficaz
932246,1,1,0.0,60.0,1.0,60.0,4,Ineficaz
932292,13,115,224.14285714285714,281.3142857142857,0.11304347826086956,57.17142857142855,0,Eficaz
932304,7,58,215.76190476190476,261.6666666666667,0.1206896551724138,45.904761904761926,0,Eficaz
932460,1,29,191.22222222222223,218.38888888888889,0.034482758620689655,27.166666666666657,5,Altamente Ineficaz
932498,10,342,613.1666666666666,1009.5555555555555,0.029239766081871343,396.3888888888889,2,Promedio
932500,22,1198,854.0576923076923,1206.8653846153845,0.018363939899833055,352.80769230769226,2,Promedio
932502,16,761,1152.111111111111,1549.861111111111,0.02102496714848883,397.75,2,Promedio
932672,0,7,227.66666666666666,231.0,0.0,3.333333333333343,5,Altamente Ineficaz
932676,1,4,14.0,32.5,0.25,18.5,0,Eficaz
932750,4,29,217.23076923076923,245.69230769230768,0.13793103448275862,28.461538461538453,0,Eficaz
932754,2,5,13.6,22.0,0.4,8.4,3,Moderadamente Ineficaz
932798,8,129,329.4594594594595,363.3243243243243,0.06201550387596899,33.86486486486484,5,Altamente Ineficaz
932836,35,346,321.2970297029703,372.44554455445547,0.10115606936416185,51.148514851485174,5,Altamente Ineficaz
932856,1,4,337.0,345.0,0.25,8.0,0,Eficaz
933070,3,335,2493.0,2912.818181818182,0.008955223880597015,419.818181818182,1,Moderadamente Eficaz
933244,5,86,570.2,727.6,0.05813953488372093,157.39999999999998,5,Altamente Ineficaz
933452,3,4,4.25,12.75,0.75,8.5,4,Ineficaz
933804,0,25,95.07142857142857,119.78571428571429,0.0,24.714285714285722,5,Altamente Ineficaz
933806,24,391,301.40816326530614,449.38775510204084,0.061381074168797956,147.9795918367347,5,Altamente Ineficaz
933810,8,108,252.61111111111111,362.3888888888889,0.07407407407407407,109.7777777777778,5,Altamente Ineficaz
933832,0,28,129.57894736842104,167.47368421052633,0.0,37.89473684210529,5,Altamente Ineficaz
933986,3,26,111.33333333333333,126.26666666666667,0.11538461538461539,14.933333333333337,0,Eficaz
933996,6,15,30.083333333333332,45.75,0.4,15.666666666666668,3,Moderadamente Ineficaz
934000,1,10,60.0,78.14285714285714,0.1,18.14285714285714,0,Eficaz
934074,1,38,248.15,275.4,0.02631578947368421,27.24999999999997,5,Altamente Ineficaz
934076,1,11,30.857142857142858,75.28571428571429,0.09090909090909091,44.42857142857143,0,Eficaz
934098,2,6,9.0,40.8,0.3333333333333333,31.799999999999997,3,Moderadamente Ineficaz
934170,0,8,123.8,140.2,0.0,16.39999999999999,5,Altamente Ineficaz
934188,1,8,42.8,67.8,0.125,25.0,0,Eficaz
934424,0,8,45.142857142857146,76.71428571428571,0.0,31.571428571428562,5,Altamente Ineficaz
934426,0,49,1047.5,1522.0,0.0,474.5,2,Promedio
934428,0,41,232.95833333333334,273.25,0.0,40.29166666666666,5,Altamente Ineficaz
934430,2,31,189.76,223.6,0.06451612903225806,33.84,5,Altamente Ineficaz
934432,0,9,189.71428571428572,236.0,0.0,46.28571428571428,5,Altamente Ineficaz
934476,1,11,8.666666666666666,99.66666666666667,0.09090909090909091,91.0,5,Altamente Ineficaz
934534,2,133,225.3658536585366,285.0975609756098,0.015037593984962405,59.73170731707319,5,Altamente Ineficaz
934608,0,10,118.875,135.75,0.0,16.875,5,Altamente Ineficaz
935216,4,36,179.25,192.5,0.1111111111111111,13.25,0,Eficaz
935244,3,30,500.55555555555554,562.3333333333334,0.1,61.77777777777783,5,Altamente Ineficaz
935246,3,7,30.8,40.8,0.42857142857142855,9.999999999999996,3,Moderadamente Ineficaz
935264,3,70,1011.5555555555555,1130.3333333333333,0.04285714285714286,118.77777777777771,5,Altamente Ineficaz
935268,0,5,32.25,44.25,0.0,12.0,5,Altamente Ineficaz
935348,28,361,355.0111111111111,393.8777777777778,0.07756232686980609,38.866666666666674,5,Altamente Ineficaz
935394,0,1,130.0,137.0,0.0,7.0,5,Altamente Ineficaz
935548,3,24,83.76470588235294,99.17647058823529,0.125,15.411764705882348,0,Eficaz
935870,0,8,37.857142857142854,52.57142857142857,0.0,14.714285714285715,5,Altamente Ineficaz
935956,0,3,86.33333333333333,126.0,0.0,39.66666666666667,5,Altamente Ineficaz
935958,1,35,291.35,330.3,0.02857142857142857,38.94999999999999,5,Altamente Ineficaz
936110,0,167,431.9318181818182,491.75,0.0,59.81818181818181,5,Altamente Ineficaz
936296,3,4,0.0,34.666666666666664,0.75,34.666666666666664,4,Ineficaz
936324,13,162,211.6,306.325,0.08024691358024691,94.725,5,Altamente Ineficaz
936382,21,485,608.9347826086956,789.3260869565217,0.04329896907216495,180.39130434782612,5,Altamente Ineficaz
936514,1,82,259.37142857142857,303.3142857142857,0.012195121951219513,43.94285714285712,5,Altamente Ineficaz
936984,0,75,203.97142857142856,234.22857142857143,0.0,30.257142857142867,5,Altamente Ineficaz
937156,10,67,171.71428571428572,221.28571428571428,0.14925373134328357,49.571428571428555,0,Eficaz
937352,4,31,213.08333333333334,252.33333333333334,0.12903225806451613,39.25,0,Eficaz
937362,1,11,130.33333333333334,176.0,0.09090909090909091,45.66666666666666,5,Altamente Ineficaz
937366,3,6,57.2,92.6,0.5,35.39999999999999,3,Moderadamente Ineficaz
937368,5,34,72.89473684210526,107.05263157894737,0.14705882352941177,34.15789473684211,0,Eficaz
937370,3,8,15.6,36.6,0.375,21.0,3,Moderadamente Ineficaz
937372,6,765,1482.157894736842,2048.4210526315787,0.00784313725490196,566.2631578947367,2,Promedio
937374,0,30,148.16666666666666,206.88888888888889,0.0,58.72222222222223,5,Altamente Ineficaz
937422,7,37,78.64285714285714,88.14285714285714,0.1891891891891892,9.5,0,Eficaz
937428,0,8,53.25,65.25,0.0,12.0,5,Altamente Ineficaz
937430,5,34,46.27272727272727,74.72727272727273,0.14705882352941177,28.45454545454546,0,Eficaz
937432,4,28,21.666666666666668,44.44444444444444,0.14285714285714285,22.777777777777775,0,Eficaz
937604,17,63,136.10256410256412,155.76923076923077,0.2698412698412698,19.666666666666657,0,Eficaz
937650,5,91,341.1666666666667,618.3333333333334,0.054945054945054944,277.1666666666667,5,Altamente Ineficaz
937678,31,196,127.77333333333333,184.52,0.15816326530612246,56.746666666666684,0,Eficaz
937708,32,955,589.343137254902,797.7745098039215,0.033507853403141365,208.43137254901956,5,Altamente Ineficaz
937710,1,1,0.0,15.0,1.0,15.0,4,Ineficaz
937716,1,1,0.0,19.0,1.0,19.0,4,Ineficaz
937720,0,1,9.0,45.0,0.0,36.0,5,Altamente Ineficaz
937732,27,325,278.2247191011236,332.4943820224719,0.08307692307692308,54.2696629213483,5,Altamente Ineficaz
937736,34,1589,547.8673469387755,901.265306122449,0.021397105097545627,353.3979591836735,2,Promedio
937742,0,25,110.29411764705883,133.35294117647058,0.0,23.058823529411754,5,Altamente Ineficaz
937750,10,107,282.5625,337.65625,0.09345794392523364,55.09375,5,Altamente Ineficaz
937752,30,2122,1335.4018691588785,1668.6542056074766,0.01413760603204524,333.25233644859804,2,Promedio
937760,31,1053,476.0673076923077,646.8846153846154,0.029439696106362774,170.81730769230768,5,Altamente Ineficaz
937762,32,327,143.3009708737864,226.3009708737864,0.09785932721712538,83.0,5,Altamente Ineficaz
937770,1,1,0.0,37.0,1.0,37.0,4,Ineficaz
937772,1,1,0.0,18.0,1.0,18.0,4,Ineficaz
937774,10,316,597.1515151515151,776.3939393939394,0.03164556962025317,179.24242424242425,5,Altamente Ineficaz
937778,1,1,0.0,19.0,1.0,19.0,4,Ineficaz
937780,38,1132,508.8440366972477,751.394495412844,0.03356890459363958,242.55045871559628,5,Altamente Ineficaz
937782,14,55,53.5,81.30952380952381,0.2545454545454545,27.80952380952381,0,Eficaz
937786,2,15,146.28571428571428,183.42857142857142,0.13333333333333333,37.14285714285714,0,Eficaz
937788,28,669,395.3736263736264,529.0879120879121,0.04185351270553064,133.71428571428567,5,Altamente Ineficaz
937808,33,1067,450.07142857142856,701.765306122449,0.030927835051546393,251.69387755102048,5,Altamente Ineficaz
937810,32,407,173.7171717171717,265.8181818181818,0.07862407862407862,92.1010101010101,5,Altamente Ineficaz
937812,27,397,396.85393258426967,482.438202247191,0.06801007556675064,85.58426966292132,5,Altamente Ineficaz
937854,37,806,385.95327102803736,523.6355140186915,0.04590570719602978,137.68224299065417,5,Altamente Ineficaz
937856,8,43,57.166666666666664,87.36666666666666,0.18604651162790697,30.199999999999996,0,Eficaz
937860,22,1490,1082.7882352941176,1414.7764705882353,0.01476510067114094,331.98823529411766,2,Promedio
937862,31,501,677.3516483516484,795.3736263736264,0.06187624750499002,118.02197802197804,5,Altamente Ineficaz
937864,7,109,334.6,385.26666666666665,0.06422018348623854,50.66666666666663,5,Altamente Ineficaz
937868,27,345,448.7848101265823,539.873417721519,0.0782608695652174,91.08860759493672,5,Altamente Ineficaz
937870,3,13,26.0,76.25,0.23076923076923078,50.25,0,Eficaz
937872,1,1,0.0,18.0,1.0,18.0,4,Ineficaz
937874,6,172,550.7777777777778,790.8333333333334,0.03488372093023256,240.05555555555554,5,Altamente Ineficaz
937880,0,7,65.4,78.4,0.0,13.0,5,Altamente Ineficaz
937888,32,1233,556.3921568627451,829.4215686274509,0.025952960259529603,273.02941176470586,2,Promedio
937898,2,47,503.1666666666667,642.5,0.0425531914893617,139.33333333333331,5,Altamente Ineficaz
937900,1,4,30.5,86.5,0.25,56.0,0,Eficaz
937902,36,1216,789.2577319587629,1073.659793814433,0.029605263157894735,284.4020618556701,2,Promedio
937956,10,902,1569.6029411764705,1587.264705882353,0.011086474501108648,17.661764705882433,2,Promedio
937958,6,303,631.4821428571429,669.25,0.019801980198019802,37.76785714285711,5,Altamente Ineficaz
937960,2,227,645.4705882352941,695.3529411764706,0.00881057268722467,49.882352941176464,5,Altamente Ineficaz
937962,4,117,346.6585365853659,394.219512195122,0.03418803418803419,47.5609756097561,5,Altamente Ineficaz
937966,36,1130,481.55445544554453,674.7425742574258,0.03185840707964602,193.18811881188122,5,Altamente Ineficaz
937980,13,236,380.0769230769231,462.1923076923077,0.05508474576271186,82.11538461538458,5,Altamente Ineficaz
937984,12,68,71.6896551724138,100.75862068965517,0.17647058823529413,29.06896551724138,0,Eficaz
937988,25,365,345.2739726027397,473.47945205479454,0.0684931506849315,128.20547945205482,5,Altamente Ineficaz
938022,6,280,645.1176470588235,961.4117647058823,0.02142857142857143,316.2941176470588,2,Promedio
938070,0,138,6398.5,7552.5,0.0,1154.0,1,Moderadamente Eficaz
938072,2,95,1436.5,1868.25,0.021052631578947368,431.75,2,Promedio
938074,2,252,2877.3333333333335,3689.0,0.007936507936507936,811.6666666666665,1,Moderadamente Eficaz
938078,3,87,756.5,1479.75,0.034482758620689655,723.25,2,Promedio
938080,1,77,1108.0,1967.0,0.012987012987012988,859.0,1,Moderadamente Eficaz
938414,16,146,603.0322580645161,682.5483870967741,0.1095890410958904,79.51612903225805,5,Altamente Ineficaz
938432,0,10,199.57142857142858,228.14285714285714,0.0,28.571428571428555,5,Altamente Ineficaz
938612,8,211,397.9047619047619,438.6666666666667,0.037914691943127965,40.76190476190476,5,Altamente Ineficaz
938614,8,74,155.23076923076923,183.73076923076923,0.10810810810810811,28.5,0,Eficaz
938842,7,113,711.4,836.6,0.061946902654867256,125.20000000000005,5,Altamente Ineficaz
938896,56,3471,1059.6891891891892,1439.5945945945946,0.01613367905502737,379.9054054054054,2,Promedio
939212,6,20,41.11764705882353,53.588235294117645,0.3,12.470588235294116,3,Moderadamente Ineficaz
939218,25,388,447.984126984127,588.2857142857143,0.06443298969072164,140.30158730158735,5,Altamente Ineficaz
939222,34,980,703.4942528735633,945.8620689655172,0.03469387755102041,242.36781609195396,2,Promedio
939224,32,1551,229.4625,456.2875,0.020631850419084462,226.82500000000002,5,Altamente Ineficaz
939236,0,5,527.3333333333334,549.0,0.0,21.66666666666663,5,Altamente Ineficaz
939370,18,1020,1812.974025974026,2058.883116883117,0.01764705882352941,245.909090909091,2,Promedio
939376,35,1479,1942.313725490196,2205.264705882353,0.023664638269100743,262.95098039215713,2,Promedio
939470,13,331,364.04,611.0,0.03927492447129909,246.95999999999998,5,Altamente Ineficaz
939474,27,820,1289.8115942028985,1481.0869565217392,0.032926829268292684,191.27536231884073,2,Promedio
939476,15,524,983.2285714285714,1285.1142857142856,0.02862595419847328,301.88571428571424,2,Promedio
939478,15,127,262.1111111111111,299.35555555555555,0.11811023622047244,37.24444444444447,0,Eficaz
939684,23,161,213.33333333333334,262.22222222222223,0.14285714285714285,48.888888888888886,0,Eficaz
939698,0,3,18.0,31.333333333333332,0.0,13.333333333333332,5,Altamente Ineficaz
939706,22,1251,861.7246376811594,1111.5797101449275,0.017585931254996003,249.85507246376812,2,Promedio
939708,2,46,304.1111111111111,381.22222222222223,0.043478260869565216,77.11111111111114,5,Altamente Ineficaz
939716,5,30,135.30769230769232,154.6153846153846,0.16666666666666666,19.307692307692292,0,Eficaz
939718,3,10,3.75,16.5,0.3,12.75,3,Moderadamente Ineficaz
939736,5,19,19.0,38.125,0.2631578947368421,19.125,0,Eficaz
939738,31,692,513.0454545454545,634.1515151515151,0.044797687861271675,121.10606060606062,5,Altamente Ineficaz
939762,51,2746,766.1438848920864,1095.3812949640287,0.018572469045884922,329.23741007194235,2,Promedio
939886,22,311,508.625,579.4166666666666,0.0707395498392283,70.79166666666663,5,Altamente Ineficaz
940430,2,102,299.6333333333333,313.0,0.0196078431372549,13.366666666666674,5,Altamente Ineficaz
940432,14,322,756.0869565217391,830.7391304347826,0.043478260869565216,74.6521739130435,5,Altamente Ineficaz
940434,17,282,460.2089552238806,490.55223880597015,0.06028368794326241,30.343283582089555,5,Altamente Ineficaz
940436,3,39,275.375,301.1875,0.07692307692307693,25.8125,5,Altamente Ineficaz
940438,26,489,533.710843373494,604.1204819277109,0.053169734151329244,70.40963855421694,5,Altamente Ineficaz
940440,4,60,291.5,320.5833333333333,0.06666666666666667,29.083333333333314,5,Altamente Ineficaz
940442,28,576,529.8641975308642,596.1234567901234,0.04861111111111111,66.25925925925924,5,Altamente Ineficaz
940456,11,59,49.351351351351354,60.37837837837838,0.1864406779661017,11.027027027027025,0,Eficaz
940458,7,96,251.59574468085106,283.2340425531915,0.07291666666666667,31.638297872340445,5,Altamente Ineficaz
940460,11,86,571.3125,597.15625,0.12790697674418605,25.84375,0,Eficaz
940474,8,30,48.125,62.9375,0.26666666666666666,14.8125,0,Eficaz
940486,2,23,159.0,199.5,0.08695652173913043,40.5,5,Altamente Ineficaz
940508,0,2,74.0,115.5,0.0,41.5,5,Altamente Ineficaz
940512,0,1,1.0,20.0,0.0,19.0,5,Altamente Ineficaz
940514,0,1,6.0,17.0,0.0,11.0,5,Altamente Ineficaz
940568,1,10,86.16666666666667,95.66666666666667,0.1,9.5,0,Eficaz
940588,23,2459,2837.5324675324673,2948.818181818182,0.009353395689304595,111.28571428571468,2,Promedio
940596,5,354,740.7333333333333,1173.8,0.014124293785310734,433.0666666666666,2,Promedio
940610,0,3,63.0,76.66666666666667,0.0,13.666666666666671,5,Altamente Ineficaz
940614,13,719,898.9032258064516,1231.6451612903227,0.01808066759388039,332.7419354838711,2,Promedio
940616,24,1836,1113.4776119402984,1504.0,0.013071895424836602,390.5223880597016,2,Promedio
940622,27,1350,978.4354838709677,1243.0645161290322,0.02,264.6290322580645,2,Promedio
940624,27,1771,1187.6046511627908,1501.1627906976744,0.015245623941276116,313.5581395348836,2,Promedio
940630,16,2280,3036.65625,3215.140625,0.007017543859649123,178.484375,2,Promedio
940634,25,1804,1388.0,1803.7857142857142,0.01385809312638581,415.7857142857142,2,Promedio
940652,17,1001,1042.326923076923,1313.6538461538462,0.016983016983016984,271.3269230769231,2,Promedio
940658,30,2566,1615.7222222222222,1952.4222222222222,0.011691348402182385,336.70000000000005,2,Promedio
940772,0,2,306.0,315.0,0.0,9.0,5,Altamente Ineficaz
940782,2,11,98.6,122.0,0.18181818181818182,23.400000000000006,0,Eficaz
940788,4,11,44.42857142857143,71.57142857142857,0.36363636363636365,27.14285714285714,3,Moderadamente Ineficaz
940802,2,5,13.5,45.0,0.4,31.5,3,Moderadamente Ineficaz
940814,1,2,4.5,24.0,0.5,19.5,3,Moderadamente Ineficaz
940828,2,15,69.14285714285714,102.85714285714286,0.13333333333333333,33.71428571428572,0,Eficaz
940842,0,2,37.0,75.5,0.0,38.5,5,Altamente Ineficaz
940848,1,2,23.5,55.0,0.5,31.5,3,Moderadamente Ineficaz
940952,12,274,47.26470588235294,148.73529411764707,0.043795620437956206,101.47058823529413,5,Altamente Ineficaz
940968,0,18,290.38461538461536,314.46153846153845,0.0,24.076923076923094,5,Altamente Ineficaz
941192,28,1239,677.2241379310345,1053.8103448275863,0.022598870056497175,376.58620689655174,2,Promedio
941384,32,758,703.2526315789473,871.0842105263158,0.04221635883905013,167.83157894736848,5,Altamente Ineficaz
941390,3,140,522.1666666666666,899.3333333333334,0.02142857142857143,377.16666666666674,2,Promedio
941628,5,148,980.9090909090909,1172.090909090909,0.033783783783783786,191.18181818181813,2,Promedio
941736,1,11,38.2,51.6,0.09090909090909091,13.399999999999999,0,Eficaz
941740,2,8,64.5,75.5,0.25,11.0,0,Eficaz
941786,0,3,309.0,348.0,0.0,39.0,5,Altamente Ineficaz
941810,1,6,38.5,54.75,0.16666666666666666,16.25,0,Eficaz
941816,0,1,19.0,29.0,0.0,10.0,5,Altamente Ineficaz
941826,1,1,0.0,2.0,1.0,2.0,4,Ineficaz
941838,1,9,24.25,43.75,0.1111111111111111,19.5,0,Eficaz
941842,2,3,34.333333333333336,46.0,0.6666666666666666,11.666666666666664,3,Moderadamente Ineficaz
941844,3,20,39.916666666666664,61.666666666666664,0.15,21.75,0,Eficaz
942174,1,6,154.66666666666666,181.66666666666666,0.16666666666666666,27.0,0,Eficaz
942214,0,3,29.666666666666668,39.666666666666664,0.0,9.999999999999996,5,Altamente Ineficaz
943050,1,85,657.3333333333334,909.6666666666666,0.011764705882352941,252.33333333333326,2,Promedio
943066,20,293,441.469696969697,500.8181818181818,0.06825938566552901,59.348484848484816,5,Altamente Ineficaz
943818,2,27,291.0,353.85714285714283,0.07407407407407407,62.85714285714283,5,Altamente Ineficaz
944210,7,184,525.1794871794872,669.2051282051282,0.03804347826086957,144.025641025641,5,Altamente Ineficaz
944216,33,434,436.7647058823529,560.2450980392157,0.07603686635944701,123.48039215686276,5,Altamente Ineficaz
944218,32,451,530.8235294117648,650.5588235294117,0.07095343680709534,119.73529411764696,5,Altamente Ineficaz
944220,38,558,522.0756302521008,655.6050420168067,0.06810035842293907,133.52941176470586,5,Altamente Ineficaz
944222,35,563,533.2,654.5,0.06216696269982238,121.29999999999995,5,Altamente Ineficaz
944226,31,336,380.37373737373736,490.27272727272725,0.09226190476190477,109.8989898989899,5,Altamente Ineficaz
944228,2,36,309.0,415.26666666666665,0.05555555555555555,106.26666666666665,5,Altamente Ineficaz
944246,0,10,256.3333333333333,314.3333333333333,0.0,58.0,5,Altamente Ineficaz
944310,0,3,126.0,133.5,0.0,7.5,5,Altamente Ineficaz
944474,3,19,20.125,67.0,0.15789473684210525,46.875,0,Eficaz
944476,4,220,425.9428571428571,508.77142857142854,0.01818181818181818,82.82857142857142,5,Altamente Ineficaz
944560,1,6,16.5,41.25,0.16666666666666666,24.75,0,Eficaz
944564,0,2,20.0,34.0,0.0,14.0,5,Altamente Ineficaz
944644,17,177,202.96226415094338,265.0377358490566,0.096045197740113,62.07547169811323,5,Altamente Ineficaz
944646,30,648,583.1234567901234,688.1728395061729,0.046296296296296294,105.04938271604942,5,Altamente Ineficaz
944648,13,52,94.89285714285714,118.03571428571429,0.25,23.142857142857153,0,Eficaz
944764,14,645,862.7291666666666,1026.2708333333333,0.021705426356589147,163.54166666666663,2,Promedio
944766,8,295,607.2142857142857,751.5,0.02711864406779661,144.28571428571433,5,Altamente Ineficaz
944808,0,256,917.7272727272727,935.3636363636364,0.0,17.636363636363626,5,Altamente Ineficaz
944908,0,2,1.5,15.0,0.0,13.5,5,Altamente Ineficaz
945046,8,104,390.27272727272725,475.5,0.07692307692307693,85.22727272727275,5,Altamente Ineficaz
945052,10,96,444.60869565217394,494.82608695652175,0.10416666666666667,50.217391304347814,5,Altamente Ineficaz
945058,1,5,15.0,43.333333333333336,0.2,28.333333333333336,0,Eficaz
945074,1,3,0.0,26.0,0.3333333333333333,26.0,3,Moderadamente Ineficaz
945274,0,1,1.0,15.0,0.0,14.0,5,Altamente Ineficaz
945278,9,518,1478.8181818181818,2303.6363636363635,0.017374517374517374,824.8181818181818,1,Moderadamente Eficaz
945280,16,1286,3848.09375,4580.21875,0.012441679626749611,732.125,1,Moderadamente Eficaz
945282,28,1474,2073.8936170212764,2668.7021276595747,0.018995929443690638,594.8085106382982,1,Moderadamente Eficaz
945284,22,1482,1706.5714285714287,2498.542857142857,0.014844804318488529,791.9714285714283,1,Moderadamente Eficaz
945286,9,184,524.6666666666666,848.1666666666666,0.04891304347826087,323.5,2,Promedio
945288,20,883,1142.2916666666667,1946.3333333333333,0.022650056625141562,804.0416666666665,1,Moderadamente Eficaz
945290,15,1413,864.5,1816.0277777777778,0.010615711252653927,951.5277777777778,1,Moderadamente Eficaz
945294,11,595,216.08333333333334,1036.9166666666667,0.018487394957983194,820.8333333333334,2,Promedio
945296,38,2573,2493.883116883117,3102.090909090909,0.014768752429071124,608.207792207792,1,Moderadamente Eficaz
945298,24,1009,2315.3720930232557,2788.906976744186,0.023785926660059464,473.53488372093034,1,Moderadamente Eficaz
945302,13,642,1855.2727272727273,2384.9545454545455,0.020249221183800622,529.6818181818182,1,Moderadamente Eficaz
945304,17,860,1077.25,1977.6,0.019767441860465116,900.3499999999999,1,Moderadamente Eficaz
945308,17,1115,2839.9285714285716,3596.8571428571427,0.015246636771300448,756.9285714285711,1,Moderadamente Eficaz
945310,11,639,933.8,1843.7333333333333,0.017214397496087636,909.9333333333334,1,Moderadamente Eficaz
945312,25,983,1425.7567567567567,1982.945945945946,0.0254323499491353,557.1891891891894,2,Promedio
945314,27,1156,1649.8235294117646,2102.6862745098038,0.023356401384083045,452.8627450980391,2,Promedio
945316,30,1625,2276.078431372549,2889.8039215686276,0.018461538461538463,613.7254901960787,1,Moderadamente Eficaz
945318,16,876,2100.6363636363635,2869.7727272727275,0.0182648401826484,769.136363636364,1,Moderadamente Eficaz
945320,18,861,2121.48,2758.2,0.020905923344947737,636.7199999999998,1,Moderadamente Eficaz
945322,13,989,1127.2380952380952,2010.4285714285713,0.01314459049544995,883.1904761904761,1,Moderadamente Eficaz
945324,16,1079,2104.6129032258063,2908.7096774193546,0.014828544949026877,804.0967741935483,1,Moderadamente Eficaz
945710,0,1,50.0,67.0,0.0,17.0,5,Altamente Ineficaz
945728,8,117,164.45454545454547,385.27272727272725,0.06837606837606838,220.81818181818178,5,Altamente Ineficaz
945894,4,271,455.0,975.8888888888889,0.014760147601476014,520.8888888888889,2,Promedio
945898,1,3,0.0,1.0,0.3333333333333333,1.0,3,Moderadamente Ineficaz
945900,5,401,270.7692307692308,815.7692307692307,0.012468827930174564,545.0,2,Promedio
945902,6,818,645.1,1252.1,0.007334963325183374,606.9999999999999,2,Promedio
945904,3,145,462.42857142857144,813.4285714285714,0.020689655172413793,351.0,2,Promedio
946020,0,1,5.0,8.0,0.0,3.0,5,Altamente Ineficaz
946032,0,1,95.0,103.0,0.0,8.0,5,Altamente Ineficaz
946072,1,2,87.5,91.0,0.5,3.5,3,Moderadamente Ineficaz
946454,2,13,0.0,0.0,0.15384615384615385,0.0,0,Eficaz
946468,0,1,18.0,43.0,0.0,25.0,5,Altamente Ineficaz
946582,7,77,217.12,238.08,0.09090909090909091,20.960000000000008,5,Altamente Ineficaz
946916,0,32,105.9090909090909,147.9090909090909,0.0,42.0,5,Altamente Ineficaz
946988,2,8,29.75,40.5,0.25,10.75,0,Eficaz
947304,36,827,757.1645569620254,879.3037974683544,0.04353083434099154,122.13924050632909,5,Altamente Ineficaz
947306,0,2,21.0,31.0,0.0,10.0,5,Altamente Ineficaz
947480,3,5,54.75,68.5,0.6,13.75,3,Moderadamente Ineficaz
947590,18,190,151.29545454545453,207.9318181818182,0.09473684210526316,56.636363636363654,5,Altamente Ineficaz
947592,16,910,736.9090909090909,1152.909090909091,0.017582417582417582,416.0000000000001,2,Promedio
947596,0,1,56.0,72.0,0.0,16.0,5,Altamente Ineficaz
947598,21,492,218.61702127659575,392.6595744680851,0.042682926829268296,174.04255319148936,5,Altamente Ineficaz
947600,14,321,137.48648648648648,286.7567567567568,0.04361370716510903,149.2702702702703,5,Altamente Ineficaz
947604,24,903,804.7755102040817,1163.7142857142858,0.026578073089700997,358.9387755102041,2,Promedio
947610,7,24,167.125,183.5,0.2916666666666667,16.375,0,Eficaz
947612,16,124,248.975,294.55,0.12903225806451613,45.57500000000002,0,Eficaz
947614,18,995,348.275,676.85,0.018090452261306532,328.57500000000005,2,Promedio
947616,14,1490,884.8809523809524,1416.0714285714287,0.009395973154362415,531.1904761904763,2,Promedio
947618,18,1134,764.275,1233.975,0.015873015873015872,469.69999999999993,2,Promedio
947620,24,1277,398.15686274509807,825.3137254901961,0.018794048551292093,427.15686274509807,2,Promedio
947636,5,109,308.90909090909093,490.09090909090907,0.045871559633027525,181.18181818181813,5,Altamente Ineficaz
947638,22,1344,380.265306122449,794.4285714285714,0.01636904761904762,414.16326530612247,2,Promedio
947640,16,538,391.27272727272725,651.4848484848485,0.02973977695167286,260.21212121212125,5,Altamente Ineficaz
947642,15,634,257.54761904761904,511.3095238095238,0.02365930599369085,253.76190476190476,5,Altamente Ineficaz
947644,22,470,352.1489361702128,517.9574468085107,0.04680851063829787,165.8085106382979,5,Altamente Ineficaz
947646,3,865,1459.1818181818182,2107.0454545454545,0.003468208092485549,647.8636363636363,1,Moderadamente Eficaz
947648,2,947,1983.4782608695652,2540.521739130435,0.0021119324181626186,557.0434782608697,1,Moderadamente Eficaz
947650,14,1269,1573.4878048780488,2095.560975609756,0.01103230890464933,522.0731707317073,2,Promedio
947652,16,575,397.22222222222223,746.8055555555555,0.02782608695652174,349.5833333333333,2,Promedio
947654,5,892,2146.9666666666667,2628.5,0.005605381165919282,481.5333333333333,1,Moderadamente Eficaz
947658,9,916,871.59375,1331.6875,0.009825327510917031,460.09375,2,Promedio
947816,7,44,99.78260869565217,137.47826086956522,0.1590909090909091,37.69565217391305,0,Eficaz
947818,6,52,97.23529411764706,132.8235294117647,0.11538461538461539,35.58823529411764,0,Eficaz
947820,1,17,218.0,269.0,0.058823529411764705,51.0,5,Altamente Ineficaz
948150,2,41,148.77777777777777,196.22222222222223,0.04878048780487805,47.44444444444446,5,Altamente Ineficaz
948170,0,5,97.33333333333333,123.0,0.0,25.66666666666667,5,Altamente Ineficaz
948182,24,627,399.3452380952381,536.3333333333334,0.03827751196172249,136.9880952380953,5,Altamente Ineficaz
948282,0,1,60.0,61.0,0.0,1.0,5,Altamente Ineficaz
948284,0,4,18.0,44.75,0.0,26.75,5,Altamente Ineficaz
948286,6,384,482.76190476190476,628.3809523809524,0.015625,145.61904761904765,5,Altamente Ineficaz
948288,1,24,136.45454545454547,164.54545454545453,0.041666666666666664,28.090909090909065,5,Altamente Ineficaz
948524,0,4,41.25,46.75,0.0,5.5,5,Altamente Ineficaz
948756,13,176,495.962962962963,552.8518518518518,0.07386363636363637,56.88888888888886,5,Altamente Ineficaz
948758,23,676,1023.9433962264151,1178.301886792453,0.034023668639053255,154.35849056603786,2,Promedio
949252,0,3,150.0,170.0,0.0,20.0,5,Altamente Ineficaz
949420,1,6,191.4,193.8,0.16666666666666666,2.4000000000000057,0,Eficaz
950444,14,95,954.3,1005.0333333333333,0.14736842105263157,50.73333333333335,0,Eficaz
950632,0,1,25.0,38.0,0.0,13.0,5,Altamente Ineficaz
950634,0,9,14.75,28.5,0.0,13.75,5,Altamente Ineficaz
950640,0,1,184.0,193.0,0.0,9.0,5,Altamente Ineficaz
950672,9,54,207.54166666666666,248.20833333333334,0.16666666666666666,40.666666666666686,0,Eficaz
950806,2,13,40.625,59.375,0.15384615384615385,18.75,0,Eficaz
950972,8,413,916.4705882352941,1481.0,0.01937046004842615,564.5294117647059,2,Promedio
951046,5,58,120.07142857142857,166.85714285714286,0.08620689655172414,46.78571428571429,5,Altamente Ineficaz
951118,0,4,64.5,97.0,0.0,32.5,5,Altamente Ineficaz
951186,6,101,451.22222222222223,497.6666666666667,0.0594059405940594,46.44444444444446,5,Altamente Ineficaz
951290,5,21,144.36363636363637,201.27272727272728,0.23809523809523808,56.90909090909091,0,Eficaz
951332,2,14,113.11111111111111,147.22222222222223,0.14285714285714285,34.111111111111114,0,Eficaz
951408,7,40,134.2,148.13333333333333,0.175,13.933333333333337,0,Eficaz
951490,1,33,229.42105263157896,253.57894736842104,0.030303030303030304,24.15789473684208,5,Altamente Ineficaz
951492,15,196,353.65625,391.734375,0.07653061224489796,38.078125,5,Altamente Ineficaz
951506,14,261,305.11290322580646,367.3709677419355,0.05363984674329502,62.258064516129025,5,Altamente Ineficaz
951508,29,492,478.8625,580.2,0.05894308943089431,101.33750000000003,5,Altamente Ineficaz
951526,0,18,101.78571428571429,120.5,0.0,18.714285714285708,5,Altamente Ineficaz
951614,0,7,119.5,146.0,0.0,26.5,5,Altamente Ineficaz
951648,2,161,1181.5,1910.25,0.012422360248447204,728.75,1,Moderadamente Eficaz
951650,2,12,45.4,95.8,0.16666666666666666,50.4,0,Eficaz
952114,7,502,1327.7058823529412,1724.9411764705883,0.013944223107569721,397.2352941176471,2,Promedio
952116,3,303,1537.75,2097.125,0.009900990099009901,559.375,2,Promedio
952126,0,7,63.4,83.6,0.0,20.199999999999996,5,Altamente Ineficaz
952196,2,5,18.0,32.4,0.4,14.399999999999999,3,Moderadamente Ineficaz
952292,0,2,451.0,532.0,0.0,81.0,5,Altamente Ineficaz
952392,13,877,1170.7777777777778,1593.0555555555557,0.014823261117445839,422.2777777777778,2,Promedio
952458,14,548,1459.3333333333333,1875.7083333333333,0.025547445255474453,416.375,2,Promedio
952460,16,199,324.22222222222223,459.85185185185185,0.08040201005025126,135.62962962962962,5,Altamente Ineficaz
952462,2,12,58.888888888888886,85.77777777777777,0.16666666666666666,26.888888888888886,0,Eficaz
952466,3,134,274.5,821.25,0.022388059701492536,546.75,2,Promedio
952468,24,975,998.921052631579,1430.578947368421,0.024615384615384615,431.6578947368421,2,Promedio
952656,7,45,116.1923076923077,134.53846153846155,0.15555555555555556,18.346153846153854,0,Eficaz
952666,0,1,56.0,71.0,0.0,15.0,5,Altamente Ineficaz
952678,0,1,91.0,121.0,0.0,30.0,5,Altamente Ineficaz
952734,0,452,6233.35,6258.3,0.0,24.949999999999818,1,Moderadamente Eficaz
952914,20,705,686.0181818181818,865.1454545454545,0.028368794326241134,179.12727272727273,5,Altamente Ineficaz
952916,1,8,101.4,141.4,0.125,40.0,0,Eficaz
952948,54,5421,4978.092592592592,5204.861111111111,0.00996126175982291,226.76851851851916,1,Moderadamente Eficaz
952954,0,3,7.666666666666667,8.666666666666666,0.0,0.9999999999999991,5,Altamente Ineficaz
952968,0,4,8.75,12.75,0.0,4.0,5,Altamente Ineficaz
952982,0,9,56.57142857142857,57.714285714285715,0.0,1.142857142857146,5,Altamente Ineficaz
953362,2,10,97.5,108.75,0.2,11.25,0,Eficaz
953458,5,61,642.7142857142857,813.4285714285714,0.08196721311475409,170.71428571428578,5,Altamente Ineficaz
953460,7,10,1.625,2.125,0.7,0.5,3,Moderadamente Ineficaz
953462,22,692,2321.2727272727275,2679.787878787879,0.031791907514450865,358.5151515151515,2,Promedio
953464,20,463,393.70588235294116,522.3529411764706,0.04319654427645788,128.64705882352945,5,Altamente Ineficaz
953940,0,1,17.0,26.0,0.0,9.0,5,Altamente Ineficaz
953952,0,9,215.5,246.5,0.0,31.0,5,Altamente Ineficaz
954086,0,32,158.5,194.5,0.0,36.0,5,Altamente Ineficaz
954284,1,1,0.0,3.0,1.0,3.0,4,Ineficaz
954290,0,12,189.625,218.625,0.0,29.0,5,Altamente Ineficaz
954318,1,2,6.0,11.0,0.5,5.0,3,Moderadamente Ineficaz
954376,2,4,8.0,28.25,0.5,20.25,3,Moderadamente Ineficaz
954378,3,8,33.6,60.0,0.375,26.4,3,Moderadamente Ineficaz
954380,2,4,24.333333333333332,44.666666666666664,0.5,20.333333333333332,3,Moderadamente Ineficaz
954616,0,7,67.33333333333333,75.0,0.0,7.666666666666671,5,Altamente Ineficaz
954642,8,417,1095.1764705882354,1598.5882352941176,0.019184652278177457,503.4117647058822,2,Promedio
954650,30,1476,978.3835616438356,1314.7123287671234,0.02032520325203252,336.3287671232878,2,Promedio
954750,9,296,541.7560975609756,684.2682926829268,0.030405405405405407,142.5121951219512,5,Altamente Ineficaz
954810,0,37,248.8181818181818,279.3636363636364,0.0,30.54545454545456,5,Altamente Ineficaz
955032,7,74,139.03571428571428,175.35714285714286,0.0945945945945946,36.321428571428584,0,Eficaz
955068,1,2,0.0,0.0,0.5,0.0,3,Moderadamente Ineficaz
955082,3,14,16.444444444444443,24.11111111111111,0.21428571428571427,7.666666666666668,0,Eficaz
955086,0,1,8.0,14.0,0.0,6.0,5,Altamente Ineficaz
955090,3,28,87.15384615384616,99.15384615384616,0.10714285714285714,12.0,0,Eficaz
955094,0,2,6.0,14.0,0.0,8.0,5,Altamente Ineficaz
955164,1,5,27.0,46.6,0.2,19.6,0,Eficaz
955436,0,1,120.0,143.0,0.0,23.0,5,Altamente Ineficaz
955820,4,9,25.666666666666668,49.666666666666664,0.4444444444444444,23.999999999999996,3,Moderadamente Ineficaz
956080,0,5,395.6666666666667,479.6666666666667,0.0,84.0,5,Altamente Ineficaz
956268,3,29,42.3,78.5,0.10344827586206896,36.2,0,Eficaz
956276,2,18,44.875,60.625,0.1111111111111111,15.75,0,Eficaz
956292,0,5,19.0,32.25,0.0,13.25,5,Altamente Ineficaz
956298,5,16,166.63636363636363,185.27272727272728,0.3125,18.636363636363654,3,Moderadamente Ineficaz
956480,0,90,555.421052631579,623.421052631579,0.0,68.0,5,Altamente Ineficaz
956484,0,15,176.36363636363637,204.8181818181818,0.0,28.45454545454544,5,Altamente Ineficaz
956664,0,1,99.0,108.0,0.0,9.0,5,Altamente Ineficaz
957022,6,21,62.22222222222222,87.22222222222223,0.2857142857142857,25.000000000000007,0,Eficaz
957922,3,23,823.1,861.7,0.13043478260869565,38.60000000000002,5,Altamente Ineficaz
958394,0,22,425.1,441.6,0.0,16.5,5,Altamente Ineficaz
958416,18,325,616.8,715.975,0.055384615384615386,99.17500000000007,5,Altamente Ineficaz
958418,20,506,815.2340425531914,912.2978723404256,0.039525691699604744,97.06382978723411,5,Altamente Ineficaz
958430,24,325,600.4067796610169,672.542372881356,0.07384615384615385,72.13559322033905,5,Altamente Ineficaz
958432,15,188,264.6181818181818,309.3636363636364,0.0797872340425532,44.74545454545455,5,Altamente Ineficaz
958434,16,168,309.27659574468083,355.51063829787233,0.09523809523809523,46.2340425531915,5,Altamente Ineficaz
958440,7,90,564.2380952380952,587.1428571428571,0.07777777777777778,22.904761904761926,5,Altamente Ineficaz
958444,5,78,122.81818181818181,142.54545454545453,0.0641025641025641,19.72727272727272,5,Altamente Ineficaz
958452,21,517,722.728813559322,864.3728813559322,0.04061895551257253,141.64406779661022,5,Altamente Ineficaz
958454,3,26,61.92857142857143,76.07142857142857,0.11538461538461539,14.142857142857139,0,Eficaz
958456,10,838,1018.1081081081081,1454.4324324324325,0.011933174224343675,436.3243243243244,2,Promedio
958458,1,1,0.0,0.0,1.0,0.0,4,Ineficaz
958460,18,226,336.77777777777777,461.2037037037037,0.07964601769911504,124.42592592592592,5,Altamente Ineficaz
958468,18,537,1066.3111111111111,1248.5555555555557,0.0335195530726257,182.24444444444453,2,Promedio
958470,3,17,187.69230769230768,213.53846153846155,0.17647058823529413,25.846153846153868,0,Eficaz
958472,6,33,142.0,162.2,0.18181818181818182,20.19999999999999,0,Eficaz
958478,12,329,1310.1666666666667,1512.0,0.0364741641337386,201.83333333333326,2,Promedio
958480,3,176,302.3333333333333,562.5555555555555,0.017045454545454544,260.22222222222223,5,Altamente Ineficaz
958640,2,22,149.14285714285714,163.5,0.09090909090909091,14.357142857142861,0,Eficaz
958672,8,55,85.57692307692308,96.61538461538461,0.14545454545454545,11.038461538461533,0,Eficaz
959118,3,17,129.28571428571428,182.28571428571428,0.17647058823529413,53.0,0,Eficaz
959312,9,214,388.1470588235294,443.79411764705884,0.04205607476635514,55.64705882352945,5,Altamente Ineficaz
959596,1,9,99.5,129.0,0.1111111111111111,29.5,0,Eficaz
960294,7,297,702.9333333333333,974.4,0.02356902356902357,271.4666666666667,2,Promedio
960296,4,203,618.5833333333334,824.0833333333334,0.019704433497536946,205.5,5,Altamente Ineficaz
960620,9,143,302.3333333333333,370.8787878787879,0.06293706293706294,68.54545454545456,5,Altamente Ineficaz
960648,9,112,510.44,595.08,0.08035714285714286,84.64000000000004,5,Altamente Ineficaz
960666,0,2,125.0,128.0,0.0,3.0,5,Altamente Ineficaz
960670,1,3,50.0,74.5,0.3333333333333333,24.5,3,Moderadamente Ineficaz
960672,12,278,842.375,1005.6666666666666,0.04316546762589928,163.29166666666663,5,Altamente Ineficaz
960674,1,2,0.0,0.0,0.5,0.0,3,Moderadamente Ineficaz
960698,0,6,492.0,525.6666666666666,0.0,33.66666666666663,5,Altamente Ineficaz
960950,5,19,99.45454545454545,127.54545454545455,0.2631578947368421,28.090909090909093,0,Eficaz
961064,5,401,1124.5,1643.5625,0.012468827930174564,519.0625,2,Promedio
961552,2,20,148.28571428571428,174.57142857142858,0.1,26.285714285714306,0,Eficaz
961770,0,82,179.94117647058823,232.2941176470588,0.0,52.35294117647058,5,Altamente Ineficaz
962062,0,22,74.83333333333333,99.83333333333333,0.0,25.0,5,Altamente Ineficaz
962168,0,4,70.75,88.0,0.0,17.25,5,Altamente Ineficaz
962268,10,151,215.93939393939394,299.1818181818182,0.06622516556291391,83.24242424242425,5,Altamente Ineficaz
962658,25,747,696.4444444444445,834.2063492063492,0.03346720214190094,137.7619047619047,5,Altamente Ineficaz
962902,17,702,720.0,912.3076923076923,0.024216524216524215,192.30769230769226,5,Altamente Ineficaz
962904,1,2,0.0,43.0,0.5,43.0,3,Moderadamente Ineficaz
963716,0,1,25.0,39.0,0.0,14.0,5,Altamente Ineficaz
964510,11,159,385.0740740740741,451.6296296296296,0.06918238993710692,66.55555555555554,5,Altamente Ineficaz
964518,0,2,13.0,55.0,0.0,42.0,5,Altamente Ineficaz
964666,4,116,147.6153846153846,351.15384615384613,0.034482758620689655,203.53846153846152,5,Altamente Ineficaz
964712,1,21,39.875,89.0,0.047619047619047616,49.125,5,Altamente Ineficaz
964716,11,326,1378.1,1492.55,0.03374233128834356,114.45000000000005,2,Promedio
965232,2,38,205.88888888888889,251.77777777777777,0.05263157894736842,45.888888888888886,5,Altamente Ineficaz
965328,3,28,141.625,206.0,0.10714285714285714,64.375,0,Eficaz
965538,7,402,2116.3076923076924,2718.3076923076924,0.017412935323383085,602.0,1,Moderadamente Eficaz
965540,6,463,3752.5,4433.857142857143,0.012958963282937365,681.3571428571431,1,Moderadamente Eficaz
965542,3,39,196.6,358.8,0.07692307692307693,162.20000000000002,5,Altamente Ineficaz
965544,3,168,1652.0,2313.8,0.017857142857142856,661.8000000000002,1,Moderadamente Eficaz
965942,0,4,107.5,133.0,0.0,25.5,5,Altamente Ineficaz
966158,5,37,373.0,403.11764705882354,0.13513513513513514,30.117647058823536,0,Eficaz
966686,0,3,177.0,198.5,0.0,21.5,5,Altamente Ineficaz
967204,1,3,5.0,9.0,0.3333333333333333,4.0,3,Moderadamente Ineficaz
967310,8,59,89.73333333333333,167.46666666666667,0.13559322033898305,77.73333333333333,0,Eficaz
968150,6,104,929.3333333333334,1031.9333333333334,0.057692307692307696,102.60000000000002,5,Altamente Ineficaz
968232,0,1,114.0,127.0,0.0,13.0,5,Altamente Ineficaz
968338,7,275,686.4090909090909,913.1363636363636,0.025454545454545455,226.72727272727275,2,Promedio
968368,0,2,27.0,46.0,0.0,19.0,5,Altamente Ineficaz
968520,0,10,33.0,38.0,0.0,5.0,5,Altamente Ineficaz
969262,1,1,0.0,17.0,1.0,17.0,4,Ineficaz
969268,0,5,70.5,94.5,0.0,24.0,5,Altamente Ineficaz
969272,14,466,529.5882352941177,715.1470588235294,0.030042918454935622,185.5588235294117,5,Altamente Ineficaz
969284,1,1,0.0,4.0,1.0,4.0,4,Ineficaz
969286,2,8,246.6,269.2,0.25,22.599999999999994,0,Eficaz
969288,1,5,146.33333333333334,182.66666666666666,0.2,36.333333333333314,0,Eficaz
969294,4,98,694.9090909090909,775.8181818181819,0.04081632653061224,80.90909090909099,5,Altamente Ineficaz
969380,2,15,33.333333333333336,71.0,0.13333333333333333,37.666666666666664,0,Eficaz
969386,5,55,185.11111111111111,263.3333333333333,0.09090909090909091,78.2222222222222,5,Altamente Ineficaz
969600,0,29,4190.0,4320.333333333333,0.0,130.33333333333303,1,Moderadamente Eficaz
970240,1,2,10.0,36.5,0.5,26.5,3,Moderadamente Ineficaz
970242,2,10,368.6666666666667,405.3333333333333,0.2,36.66666666666663,0,Eficaz
970244,1,4,49.333333333333336,81.66666666666667,0.25,32.333333333333336,0,Eficaz
970250,1,1,0.0,8.0,1.0,8.0,4,Ineficaz
970252,1,8,71.5,108.5,0.125,37.0,0,Eficaz
970254,2,12,45.8,108.8,0.16666666666666666,63.0,0,Eficaz
970258,1,1,0.0,11.0,1.0,11.0,4,Ineficaz
970484,2,7,25.0,39.0,0.2857142857142857,14.0,0,Eficaz
970486,2,6,75.0,89.0,0.3333333333333333,14.0,3,Moderadamente Ineficaz
971100,0,3,73.0,86.0,0.0,13.0,5,Altamente Ineficaz
971102,0,78,2125.6,2399.6,0.0,274.0,2,Promedio
971354,0,6,371.5,413.5,0.0,42.0,5,Altamente Ineficaz
972408,2,8,66.66666666666667,91.66666666666667,0.25,25.0,0,Eficaz
972410,2,77,944.25,1318.75,0.025974025974025976,374.5,2,Promedio
972412,2,61,699.6,909.6,0.03278688524590164,210.0,2,Promedio
972460,3,70,257.8888888888889,346.8888888888889,0.04285714285714286,89.0,5,Altamente Ineficaz
973120,1,3,2.5,12.5,0.3333333333333333,10.0,3,Moderadamente Ineficaz
973286,0,2,17.0,105.0,0.0,88.0,5,Altamente Ineficaz
